trip_date,vehicle_id,tonnage,product,delivery_number,quantity,distributor,amount
1/3/2025,KCS067W,13,UDV,1055346181,680,BIA POA DISTRIBUTORS LIMITED,19000
1/4/2025,KCK133T,13,UDV,1055349238,648,ALBADI MWINGI,35000
1/6/2025,KCD001A,13,UDV,1055352009,810,DELTA POINT MAKONGENI,20000
1/8/2025,KDH312K,7,UDV,1055361777,370,MUCHARAGE KAHURO,19500
1/8/2025,KAT547U,13,UDV,1055361775,600,MT KENYAKARUEBEVERAGESLTD,40000
1/8/2025,KCD001A,13,UDV,1055361772,616,HAPPYLAND BOMET,52000
1/9/2025,KCN156N,7,UDV,1055366461,370,MUCHARAGE KAHURO,19500
1/9/2025,KCB803Z,7,UDV,1055366466,457,MISTERTHREEDISTRIBUTORSLTD,25000
1/7/2025,KBU196W,13,UDV,1055356231,620,ASPENDOS(K)LTD OTHAYA,35000
1/8/2025,KCK133T,13,UDV,1055362817,600,CYDEN ELDORET,70000
1/14/2025,KCS067W,13,UDV,1055380266,778,HAPPYLAND NAROK,40000
1/14/2025,KBU196W,7,UDV,1055384350,467,HAPPYLAND NAROK,26000
1/14/2025,KBN536N,7,UDV,1055384481,435,MT KENYAKARUEBEVERAGESLTD,27300
1/14/2025,KCD001A,13,UDV,1055384323,728,ASPENDOS(k)LTD,33237
1/14/2025,KCB803Z,13,UDV,1055384493,560,WAMUTI NYERI,35000
1/15/2025,KDH312K,13,UDV,1055388130,505,ALBADI MWINGI,35000
1/14/2025,KCU278L,13,UDV,1055384223,610,PEANCO KERUGOYA,33000
1/16/2025,KCJ579X,13,UDV,1055393128,700,MT KENYAKARUEBEVERAGESLTD,40000
1/15/2025,KCN156N,13,UDV,1055388362,586,HAPPYLAND BOMET,52000
1/17/2025,KBN536N,7,UDV,1055396954,429,CYDEN ELDORET,50000
1/17/2025,KAT547U,13,UDV,1055398610,530,DELTA POINT MAKONGENI,20000
1/17/2025,KBU196W,13,UDV,1055397858,557,KISAJU KAGIO,30000
1/18/2025,KBC677M,13,UDV,1055398833,635,D.O STORES ELDORET,70000
1/18/2025,KCU894S,13,UDV,1055400946,555,ASPENDOS(K)LTD OTHAYA,35000
1/20/2025,KCW595H,7,UDV,1055404867,307,MALEXEDISTRIBUTORSLIMITED KITHYUKO,22000
1/20/2025,KCJ579X,13,UDV,1055404906,630,HAPPYLAND BOMET,52000
1/21/2025,KCS067W,13,UDV,1055408934,663,HAPPYLAND BOMET,52000
1/22/2025,KDH312K,7,UDV,1055414293,355,MUCHARAGE KAHURO,19500
1/21/2025,KCK133T,13,UDV,1055409032,672,TOKI KITUI,37000
1/23/2025,KCD001A,13,UDV,1055419296,616,DELTA POINT MAKONGENI,20000
1/24/2025,KCN156N,13,UDV,1055423946,555,ENGIPRODISTRIBUTORSLIMITED,19000
1/23/2025,KBC677M,13,UDV,1055420020,615,HAPPYLAND NAROK,40000
1/22/2025,KCF610N,13,UDV,1055414298,636,D.O STORES ELDORET,70000
1/22/2025,KCR141P,13,UDV,1055414300,513,DAKANEYKEROWCOMMUNICATIONLIMITED,33200
1/27/2025,KCW595H,7,UDV,1055431798,436,SENATORYETUAGENCIES,20000
1/27/2025,KBC677M,13,UDV,1055430087,655,MALEXEDISTRIBUTORSLIMITED KITHYUKO,34000
1/22/2025,KCB803Z,7,UDV,1055414301,482,DAKANEYKEROWCOMMUNICATIONLIMITED,21500
1/28/2025,KDH312K,7,UDV,1055431810,300,SUNRISE IKUTHA,37000
1/29/2025,KAT547U,7,UDV,1055434611,302,DAVID MUNYAE DISTRIBUTORS COMPANY,16500
1/27/2025,KBU196W,13,UDV,1055430002,585,KINGIINYA NKUBU,45000
1/29/2025,KBT436A,13,UDV,1055440329,608,KISAJU KAGIO,30000
1/30/2025,KCN156N,13,UDV,1055441935,503,D.O STORES ELDORET,70000
1/30/2025,KBC677M,13,UDV,1055444790,648,MT KENYAKARUEBEVERAGESLTD,40000
1/30/2025,KBN536N,7,UDV,1055443780,464,SENATORYETUAGENCIES,20000
1/28/2025,KCU894S,13,UDV,1055433750,600,KISAJU KAGIO,30000
1/30/2025,KCJ579X,13,UDV,1055443626,621,HAPPYLAND BOMET,52000
1/3/2025,KBC677M,13,KEG,1055345769,216,INTRICATE MARKETING EMALI KIBWEZI,41000
1/4/2025,KAW901B,13,KEG,1055349048,216,BIA POA DISTRIBUTORS LIMITED,19000
1/4/2025,KCD001A,13,KEG,1055349046,216,BIA POA DISTRIBUTORS LIMITED,19000
1/4/2025,KCK460G,13,KEG,1055349044,216,BIA POA DISTRIBUTORS LIMITED,19000
1/4/2025,KCF685Z,13,KEG,1055349043,216,BIA POA DISTRIBUTORS LIMITED,19000
1/6/2025,KAV208S,13,KEG,1055350866,216,BIA POA DISTRIBUTORS LIMITED,19000
1/6/2025,KCS067W,13,KEG,1055350868,216,BIA POA DISTRIBUTORS LIMITED,19000
1/6/2025,KBC677M,13,KEG,1055351116,216,MANARA LIMITED,20000
1/6/2025,KAW901B,13,KEG,1055352628,216,MANARA LIMITED,20000
1/6/2025,KCF685Z,13,KEG,1055352622,216,HIGHMARK ISHIARA,40000
1/6/2025,KCJ579X,13,KEG,1055350865,216,BIA POA DISTRIBUTORS LIMITED,19000
1/6/2025,KCK133T,13,KEG,1055352630,216,HIGHMARK ISHIARA,40000
1/7/2025,KCJ579X,13,KEG,1055356446,216,DAVID MUNYAE KAKUKU,23000
1/7/2025,KCK133T,13,KEG,1055356458,216,MANARA LIMITED,20000
1/7/2025,KCD001A,13,KEG,1055358174,216,MUCHARAGE ENTERPRISES KANGARI,20000
1/7/2025,KCS067W,13,KEG,1055356074,216,INTRICATE MARKETING EMALI KIBWEZI,41000
1/7/2025,KAV208S,13,KEG,1055356073,216,INTRICATE MARKETING EMALI KIBWEZI,41000
1/7/2025,KAW901B,13,KEG,1055356487,216,MT KENYA KARUE BEVERAGES LTD KIRITIRI,30000
1/7/2025,KBC677M,13,KEG,1055356075,216,INTRICATE MARKETING EMALI KIBWEZI,41000
1/8/2025,KAW901B,13,KEG,1055364602,216,BIA POA DISTRIBUTORS LIMITED,19000
1/8/2025,KAV208S,13,KEG,1055365095,216,BIA POA DISTRIBUTORS LIMITED,19000
1/8/2025,KCJ579X,13,KEG,1055362830,216,MANARA LIMITED,20000
1/9/2025,KBC677M,13,KEG,1055365253,216,MANARA LIMITED,20000
1/9/2025,KAV208S,13,KEG,1055368752,216,BIA POA DISTRIBUTORS LIMITED,19000
1/9/2025,KCJ579X,13,KEG,1055369128,216,MANARA LIMITED,20000
1/9/2025,KAW901B,13,KEG,1055368973,216,MANARA LIMITED,20000
1/8/2025,KCF685Z,13,KEG,1055360526,216,BIA POA DISTRIBUTORS LIMITED,19000
1/10/2025,KBT436A,13,KEG,1055373108,216,BIA POA DISTRIBUTORS LIMITED,19000
1/10/2025,KCD001A,13,KEG,1055373102,216,BIA POA DISTRIBUTORS LIMITED,19000
1/10/2025,KCJ579X,13,KEG,1055372441,216,SUPERLINE DISTRIBUTORS LTD SAMBURU,72000
1/10/2025,KBC677M,13,KEG,1055372444,216,SUPERLINE DISTRIBUTORS LTD TAVETA,72000
1/11/2025,KAW901B,13,KEG,1055374743,216,BIA POA DISTRIBUTORS LIMITED,19000
1/11/2025,KCU278L,13,KEG,1055375012,216,BIA POA DISTRIBUTORS LIMITED,19000
1/11/2025,KCS067W,13,KEG,1055375393,216,BIA POA DISTRIBUTORS LIMITED,19000
1/11/2025,KCF685Z,13,KEG,1055374887,216,BIA POA DISTRIBUTORS LIMITED,19000
1/10/2025,KAV208S,13,KEG,1055373741,216,MANARA LIMITED,20000
1/13/2025,KCU278L,13,KEG,1055378177,216,DAVID MUNYAE KAKUKU,23000
1/13/2025,KCF685Z,13,KEG,1055378190,216,BIA POA DISTRIBUTORS LIMITED,19000
1/13/2025,KAW901B,13,KEG,1055378187,216,MT KENYA KARUE BEVERAGES LTD RUNYENJES,31500
1/13/2025,KBC677M,13,KEG,1055378239,216,BIA POA DISTRIBUTORS LIMITED,19000
1/13/2025,KBV646Z,13,KEG,1055378220,216,BIA POA DISTRIBUTORS LIMITED,19000
1/13/2025,KBT436A,13,KEG,1055378188,216,MT KENYA KARUE BEVERAGES LTD RUNYENJES,31500
1/13/2025,KCJ579X,13,KEG,1055378234,216,BIA POA DISTRIBUTORS LIMITED,19000
1/13/2025,KCD001A,13,KEG,1055378016,216,INTRICATE MARKETING EMALI KIBWEZI,41000
1/13/2025,KCK133T,13,KEG,1055378018,216,INTRICATE MARKETING EMALI KIBWEZI,41000
1/14/2025,KAV208S,13,KEG,1055383551,216,MANARA LIMITED,20000
1/14/2025,KCF610N,13,KEG,1055382939,216,BIA POA DISTRIBUTORS LIMITED,19000
1/14/2025,KCJ579X,13,KEG,1055383602,216,MANARA LIMITED,20000
1/15/2025,KBC677M,13,KEG,1055387653,216,INTRICATE MARKETING EMALI KIBWEZI,41000
1/15/2025,KAW901B,13,KEG,1055387652,216,INTRICATE MARKETING EMALI KIBWEZI,41000
1/15/2025,KCK133T,13,KEG,1055387672,216,BIA POA DISTRIBUTORS LIMITED,19000
1/15/2025,KBV646Z,13,KEG,1055387649,216,INTRICATE MARKETING EMALI KIBWEZI,41000
1/15/2025,KCS067W,13,KEG,1055387689,216,BIA POA DISTRIBUTORS LIMITED,19000
1/16/2025,KAV208S,13,KEG,1055392336,216,DAVID MUNYAE DISTRIBUTORS COMPANY,23000
1/15/2025,KBT436A,13,KEG,1055387687,216,BIA POA DISTRIBUTORS LIMITED,19000
1/17/2025,KCD001A,13,KEG,1055398345,216,MT KENYA KARUE BEVERAGES LTD KIRITIRI,30000
1/17/2025,KCS067W,13,KEG,1055398325,216,MUCHARAGE ENTERPRISES KANGARI,20000
1/17/2025,KAW901B,13,KEG,1055399120,216,MANARA LIMITED,20000
1/17/2025,KCK133T,13,KEG,1055399394,216,DAVID MUNYAE KAKUKU,23000
1/17/2025,KCF610N,13,KEG,1055399117,216,BIA POA DISTRIBUTORS LIMITED,19000
1/17/2025,KCU278L,13,KEG,1055399118,216,HIGHMARK TRADING MUKOTHIMA,54000
1/18/2025,KBV646Z,13,KEG,1055401376,216,MUCHARAGE ENTERPRISES KANGARI,20000
1/20/2025,KAW901B,13,KEG,1055406133,216,MUCHARAGE ENTERPRISES KANGARI,20000
1/20/2025,KAV208S,13,KEG,1055405887,216,HIGHMARK ISHIARA,40000
1/18/2025,KBT436A,13,KEG,1055401371,216,HIGHMARK ISHIARA,40000
1/21/2025,KBV646Z,13,KEG,1055409810,216,MUCHARAGE ENTERPRISES KANGARI,20000
1/21/2025,KBC677M,13,KEG,1055409451,216,MUCHARAGE ENTERPRISES KANGARI,20000
1/22/2025,KAW901B,13,KEG,1055414206,216,INTRICATE MARKETING EMALI KIBWEZI,41000
1/22/2025,KBC677M,13,KEG,1055416066,216,MUCHARAGE ENTERPRISES KANGARI,20000
1/22/2025,KAV208S,13,KEG,1055416723,216,MT KENYA KARUE BEVERAGES LTD RUNYENJES,31500
1/23/2025,KCK133T,13,KEG,1055420584,216,DAVID MUNYAE DISTRIBUTORS COMPANY,23000
1/23/2025,KCJ579X,13,KEG,1055419845,216,MANARA LIMITED,20000
1/23/2025,KCS067W,13,KEG,1055420695,216,MANARA LIMITED,20000
1/23/2025,KBV646Z,13,KEG,1055420689,216,MANARA LIMITED,20000
1/22/2025,KBT436A,13,KEG,1055414189,216,HIGHMARK ISHIARA,40000
1/22/2025,KCU278L,13,KEG,1055414186,216,HIGHMARK ISHIARA,40000
1/24/2025,KCK133T,13,KEG,1055425373,216,MANARA LIMITED,20000
1/24/2025,KAW901B,13,KEG,1055422685,216,MT KENYA KARUE BEVERAGES LTD RUNYENJES,31500
1/24/2025,KAV208S,13,KEG,1055424765,216,MANARA LIMITED,20000
1/25/2025,KCJ579X,13,KEG,1055427585,216,MANARA LIMITED,20000
1/26/2025,KAW901B,13,KEG,1055428353,216,MANARA LIMITED,20000
1/26/2025,KCK133T,13,KEG,1055428394,216,MANARA LIMITED,20000
1/26/2025,KCS067W,13,KEG,1055428384,216,BIA POA DISTRIBUTORS LIMITED,19000
1/26/2025,KBV646Z,13,KEG,1055428464,216,MANARA LIMITED,20000
1/26/2025,KCD001A,13,KEG,1055428383,216,BIA POA DISTRIBUTORS LIMITED,19000
1/26/2025,KBT436A,13,KEG,1055428463,216,MANARA LIMITED,20000
1/25/2025,KCU278L,13,KEG,1055427641,216,MANARA LIMITED,20000
1/27/2025,KCD001A,13,KEG,1055432440,216,MANARA LIMITED,20000
1/27/2025,KBV646Z,13,KEG,1055432570,216,MANARA LIMITED,20000
1/27/2025,KCJ579X,13,KEG,1055432435,216,BIA POA DISTRIBUTORS LIMITED,19000
1/27/2025,KAW901B,13,KEG,1055430450,216,BIA POA DISTRIBUTORS LIMITED,19000
1/27/2025,KCK133T,13,KEG,1055431599,216,MANARA LIMITED,20000
1/28/2025,KCK133T,13,KEG,1055435654,216,MANARA LIMITED,20000
1/28/2025,KCD001A,13,KEG,1055436366,216,DAVID MUNYAE DISTRIBUTORS COMPANY,23000
1/28/2025,KCJ579X,13,KEG,1055437905,216,BIA POA DISTRIBUTORS LIMITED,19000
1/28/2025,KBT436A,13,KEG,1055433788,216,MANARA LIMITED,20000
1/28/2025,KAW901B,13,KEG,1055437469,216,MANARA LIMITED,20000
1/27/2025,KCF610N,13,KEG,1055432263,216,BIA POA DISTRIBUTORS LIMITED,19000
1/28/2025,KCS067W,13,KEG,1055433784,216,BIA POA DISTRIBUTORS LIMITED,19000
1/27/2025,KAV208S,13,KEG,1055432140,216,MT KENYA KARUE BEVERAGES LTD KIRITIRI,30000
1/27/2025,KCU278L,13,KEG,1055432442,216,ALBADI COMPANY LTD HOLA,90000
1/29/2025,KBC677M,13,KEG,1055438263,216,MANARA LIMITED,20000
1/30/2025,KBC677M,13,KEG,1055442834,216,MANARA LIMITED,20000
1/30/2025,KCJ579X,13,KEG,1055442824,216,BIA POA DISTRIBUTORS LIMITED,19000
1/29/2025,KCD001A,13,KEG,1055441354,216,BIA POA DISTRIBUTORS LIMITED,19000
1/30/2025,KCU278L,13,KEG,1055442826,216,MANARA LIMITED,20000
1/29/2025,KAV208S,13,KEG,1055442620,216,INTRICATE MARKETING EMALI KIBWEZI,41000
1/29/2025,KCK133T,13,KEG,1055438359,216,BIA POA DISTRIBUTORS LIMITED,19000
1/30/2025,KBV646Z,13,KEG,1055443326,216,BIA POA DISTRIBUTORS LIMITED,19000
1/30/2025,KAV208S,13,KEG,1055447045,216,MANARA LIMITED,20000
1/31/2025,KBT436A,13,KEG,1055447171,216,BIA POA DISTRIBUTORS LIMITED,19000
1/31/2025,KAW901B,13,KEG,1055447170,216,BIA POA DISTRIBUTORS LIMITED,19000
1/31/2025,KBT436A,13,KEG,1055450942,216,BIA POA DISTRIBUTORS LIMITED,19000
1/31/2025,KBV646Z,13,KEG,1055447173,216,MANARA LIMITED,20000
1/31/2025,KAV208S,13,KEG,1055447175,216,MANARA LIMITED,20000
1/31/2025,KCJ579X,13,KEG,1055451286,216,BIA POA DISTRIBUTORS LIMITED,19000
1/31/2025,KAW901B,13,KEG,1055451172,216,INTRICATE MARKETING EMALI KIBWEZI,41000
1/30/2025,KCK133T,13,KEG,1055445058,216,SUPERLINE DISTRIBUTORS LTD SAMBURU,72000
1/30/2025,KCU278L,13,KEG,1055447111,216,SUPERLINE DISTRIBUTORS LTD MWATATE,67000
1/30/2025,KCD001A,13,KEG,1055445009,216,SUPERLINE DISTRIBUTORS LTD TAVETA,72000
1/2/2025,KBC677M,13,KEG,661375,300,BIA POA DISTRIBUTORS LIMITED,13300
1/2/2025,KAW901B,13,KEG,661372,300,BIA POA DISTRIBUTORS LIMITED,13300
1/20/2025,KBU196W,13,KEG,661198,300,MANARA LIMITED,16966
1/20/2025,KBU196W,13,KEG,656512,300,MANARA LIMITED,16966
1/23/2025,KBU196W,13,KEG,661201,300,MANARA LIMITED,16966
2/3/2025,KCD001A,13,UDV,1055453907,600,MT KENYAKARUEBEVERAGESLTD,40000
2/3/2025,KCR141P,13,UDV,1055454225,534,ASPENDOS(k)LTD,33237
2/3/2025,KCB803Z,13,UDV,1055454303,600,CYDEN ELDORET,70000
2/6/2025,KAT547U,13,UDV,1055466334,547,HAPPYLAND NAROK,40000
2/5/2025,KCD001A,13,UDV,1055461109,647,HAPPYLAND BOMET,52000
2/8/2025,KCW595H,7,UDV,1055475070,414,SENATORYETUAGENCIES,20000
2/6/2025,KCN156N,13,UDV,1055466429,503,KANGE NKUBU,45000
2/7/2025,KCJ579X,13,UDV,1055469674,661,D.O STORES ELDORET,70000
2/7/2025,KCK133T,13,UDV,1055463502,695,WAMUTI NYERI,35000
2/8/2025,KCK133T,13,UDV,1055475258,656,HAPPYLAND NAROK,40000
2/6/2025,KAV208S,13,UDV,1055468379,600,CYDEN ELDORET,70000
2/11/2025,KDH312K,13,UDV,1055483560,480,CYDEN ELDORET,50000
2/12/2025,KBT436A,13,UDV,1055488379,621,ASPENDOS(k)LTD,33237
2/13/2025,KCB803Z,7,UDV,1055489026,400,KANGE NKUBU,32000
2/12/2025,KCR141P,13,UDV,1055487087,498,MT KENYAKARUEBEVERAGESLTD,27300
2/12/2025,KBU196W,7,UDV,1055486655,334,SUNRISE IKUTHA,37000
2/12/2025,KCU278L,13,UDV,1055483510,600,D.O STORES ELDORET,70000
2/15/2025,KBU196W,7,UDV,1055499443,449,KISAJU KAGIO,21000
2/14/2025,KCK133T,13,UDV,1055495647,583,MT KENYAKARUEBEVERAGESLTD,40000
2/15/2025,KCB803Z,7,UDV,1055499335,449,CYDEN ELDORET,70000
2/14/2025,KBT436A,13,UDV,1055496332,692,ALBADI MWINGI,35000
2/19/2025,KBC677M,13,UDV,1055514079,736,HAPPYLAND NAROK,40000
2/17/2025,KCN156N,13,UDV,1055504002,590,CYDEN ELDORET,70000
2/18/2025,KDH312K,7,UDV,1055502583,357,ALBADI MWINGI,35000
2/18/2025,KCR141P,7,UDV,1055504041,407,ENGIPRODISTRIBUTORSLIMITED,13600
2/17/2025,KCU278L,13,UDV,1055502585,600,MT KENYAKARUEBEVERAGESLTD,40000
2/17/2025,KBC677M,13,UDV,1055502479,657,WAMUTI NYERI,35000
2/17/2025,KAT547U,7,UDV,1055502053,428,MISTERTHREEDISTRIBUTORSLTD,25000
2/19/2025,KCK133T,13,UDV,1055514088,815,TOKI KITUI,37000
2/20/2025,KAV208S,13,UDV,1055518211,610,KISAJU KAGIO,30000
2/20/2025,KCJ579X,13,UDV,1055517862,780,BIA POA DISTRIBUTORS LIMITED,19000
2/22/2025,KAW901B,13,UDV,1055523172,612,CYDEN ELDORET,70000
2/22/2025,KCJ579X,13,UDV,1055524446,614,KISAJU KAGIO,30000
2/22/2025,KAV208S,13,UDV,1055526517,615,WAMUTI NYERI,35000
2/24/2025,KCU278L,13,UDV,1055528155,700,MT KENYAKARUEBEVERAGESLTD,40000
2/20/2025,KBU196W,13,UDV,1055519536,618,HAPPYLAND BOMET,52000
2/25/2025,KAW901B,13,UDV,1055534160,607,DELTA POINT MAKONGENI,20000
2/25/2025,KCB803Z,13,UDV,1055535766,540,BIA POA DISTRIBUTORS LIMITED,19000
2/24/2025,KCD001A,13,UDV,1055528333,616,HAPPYLAND BOMET,52000
2/26/2025,KCR141P,13,UDV,1055539249,572,ENGIPRODISTRIBUTORSLIMITED,19000
2/26/2025,KCB803Z,13,UDV,1055540277,604,KISAJU KAGIO,30000
2/27/2025,KDH312K,7,UDV,1055542535,350,MUCHARAGE KAHURO,19500
2/26/2025,KBU196W,13,UDV,1055540305,546,HAPPYLAND NAROK,40000
2/28/2025,KAT547U,7,UDV,1055549160,490,DAKANEYKEROWCOMMUNICATIONLIMITED,21500
2/27/2025,KCK133T,13,UDV,1055543560,640,WAMUTI NYERI,35000
2/28/2025,KCB803Z,13,UDV,1055549184,611,KISAJU KAGIO,30000
2/28/2025,KBU196W,7,UDV,1055550594,480,CYDEN ELDORET,50000
2/6/2025,KBC677M,13,KEG,1055466188,216,BIA POA DISTRIBUTORS LIMITED,19000
2/6/2025,KAW901B,13,KEG,1055466193,216,BIA POA DISTRIBUTORS LIMITED,19000
2/9/2025,KAW901B,13,KEG,1055475489,216,BIA POA DISTRIBUTORS LIMITED,19000
2/10/2025,KCK133T,13,KEG,1055477563,216,BIA POA DISTRIBUTORS LIMITED,19000
2/11/2025,KAV208S,13,KEG,1055484944,216,BIA POA DISTRIBUTORS LIMITED,19000
2/11/2025,KBT436A,13,KEG,1055484946,216,BIA POA DISTRIBUTORS LIMITED,19000
2/12/2025,KAW901B,13,KEG,1055485586,216,BIA POA DISTRIBUTORS LIMITED,19000
2/12/2025,KBC677M,13,KEG,1055485594,216,BIA POA DISTRIBUTORS LIMITED,19000
2/12/2025,KCD001A,13,KEG,1055486071,216,BIA POA DISTRIBUTORS LIMITED,19000
2/12/2025,KCJ579X,13,KEG,1055489697,216,BIA POA DISTRIBUTORS LIMITED,19000
2/13/2025,KAW901B,13,KEG,1055491427,216,BIA POA DISTRIBUTORS LIMITED,19000
2/13/2025,KAV208S,13,KEG,1055491429,216,BIA POA DISTRIBUTORS LIMITED,19000
2/13/2025,KCD001A,13,KEG,1055491436,216,BIA POA DISTRIBUTORS LIMITED,19000
2/13/2025,KBC677M,13,KEG,1055491437,216,BIA POA DISTRIBUTORS LIMITED,19000
2/21/2025,KCD001A,13,KEG,1055523533,216,BIA POA DISTRIBUTORS LIMITED,19000
2/21/2025,KBT436A,13,KEG,1055523532,216,BIA POA DISTRIBUTORS LIMITED,19000
2/21/2025,KAV208S,13,KEG,1055524481,216,BIA POA DISTRIBUTORS LIMITED,19000
2/26/2025,KCK133T,13,KEG,1055539152,216,BIA POA DISTRIBUTORS LIMITED,19000
2/26/2025,KCJ579X,13,KEG,1055539153,216,BIA POA DISTRIBUTORS LIMITED,19000
2/26/2025,KAW901B,13,KEG,1055539155,216,BIA POA DISTRIBUTORS LIMITED,19000
2/26/2025,KBC677M,13,KEG,1055539157,216,BIA POA DISTRIBUTORS LIMITED,19000
2/26/2025,KBT436A,13,KEG,1055539156,216,BIA POA DISTRIBUTORS LIMITED,19000
2/27/2025,KCJ579X,13,KEG,1055546535,216,BIA POA DISTRIBUTORS LIMITED,19000
2/27/2025,KCD001A,13,KEG,1055547022,216,BIA POA DISTRIBUTORS LIMITED,19000
2/27/2025,KCU278L,13,KEG,1055547024,216,BIA POA DISTRIBUTORS LIMITED,19000
2/28/2025,KAV208S,13,KEG,1055550865,216,BIA POA DISTRIBUTORS LIMITED,19000
2/28/2025,KBT436A,13,KEG,1055550869,216,BIA POA DISTRIBUTORS LIMITED,19000
2/28/2025,KCU278L,13,KEG,1055550871,216,BIA POA DISTRIBUTORS LIMITED,19000
2/7/2025,KAW901B,13,KEG,1055470542,216,HIGHMARK ISHIARA,40000
2/11/2025,KCJ579X,13,KEG,1055484447,216,HIGHMARK ISHIARA,40000
2/3/2025,KAW901B,13,KEG,1055454967,216,HIGHMARK TRADING MUKOTHIMA,54000
2/17/2025,KAW901B,13,KEG,1055501958,216,HIGHMARK TRADING MUKOTHIMA,54000
2/19/2025,KAW901B,13,KEG,1055515689,216,HIGHMARK TRADING MUKOTHIMA,54000
2/25/2025,KBC677M,13,KEG,1055532536,216,HIGHMARK TRADING MUKOTHIMA,54000
2/25/2025,KAV208S,13,KEG,1055535623,216,HIGHMARK TRADING MUKOTHIMA,54000
2/3/2025,KCJ579X,13,KEG,1055454979,216,INTRICATE MARKETING EMALI KIBWEZI,41000
2/5/2025,KBV646Z,13,KEG,1055462145,216,INTRICATE MARKETING EMALI KIBWEZI,41000
2/6/2025,KCU278L,13,KEG,1055467723,216,INTRICATE MARKETING EMALI KIBWEZI,41000
2/7/2025,KBV646Z,13,KEG,1055469952,216,INTRICATE MARKETING EMALI KIBWEZI,41000
2/12/2025,KBV646Z,13,KEG,1055489188,216,INTRICATE MARKETING EMALI KIBWEZI,41000
2/17/2025,KCD001A,13,KEG,1055501959,216,INTRICATE MARKETING EMALI KIBWEZI,41000
2/27/2025,KAV208S,13,KEG,1055542848,216,INTRICATE MARKETING EMALI KIBWEZI,41000
2/3/2025,KBT436A,13,KEG,1055453596,216,MANARA LIMITED,20000
2/3/2025,KCU278L,13,KEG,1055453593,216,MANARA LIMITED,20000
2/17/2025,KAV208S,13,KEG,1055502501,216,MANARA LIMITED,20000
2/18/2025,KCJ579X,13,KEG,1055508231,216,MANARA LIMITED,20000
2/18/2025,KCK133T,13,KEG,1055508379,216,MANARA LIMITED,20000
2/19/2025,KCD001A,13,KEG,1055514419,216,MANARA LIMITED,20000
2/19/2025,KCU278L,13,KEG,1055515641,216,MANARA LIMITED,20000
2/21/2025,KCU278L,13,KEG,1055523517,216,MANARA LIMITED,20000
2/21/2025,KBC677M,13,KEG,1055523525,216,MANARA LIMITED,20000
2/23/2025,KBC677M,13,KEG,1055526787,216,MANARA LIMITED,20000
2/25/2025,KCJ579X,13,KEG,1055533219,216,MANARA LIMITED,20000
2/26/2025,KBT436A,13,KEG,1055538148,216,MANARA LIMITED,20000
2/26/2025,KCD001A,13,KEG,1055541770,216,MANARA LIMITED,20000
2/26/2025,KCU278L,13,KEG,1055541771,216,MANARA LIMITED,20000
2/27/2025,KBC677M,13,KEG,1055546544,216,MANARA LIMITED,20000
2/27/2025,KAW901B,13,KEG,1055546555,216,MANARA LIMITED,20000
2/27/2025,KBT436A,13,KEG,1055546569,216,MANARA LIMITED,20000
2/28/2025,KCD001A,13,KEG,1055548222,216,MANARA LIMITED,20000
2/28/2025,KBC677M,13,KEG,1055548229,216,MANARA LIMITED,20000
2/28/2025,KCJ579X,13,KEG,1055548093,216,MANARA LIMITED,20000
2/28/2025,KAW901B,13,KEG,1055548147,216,MANARA LIMITED,20000
2/3/2025,KAV208S,13,KEG,1055453660,216,MT KENYA KARUE BEVERAGES LTD KIRITIRI,30000
2/7/2025,KBT436A,13,KEG,1055473733,216,MT KENYA KARUE BEVERAGES LTD KIRITIRI,30000
2/18/2025,KAV208S,13,KEG,1055511021,216,MT KENYA KARUE BEVERAGES LTD KIRITIRI,30000
2/21/2025,KCK133T,13,KEG,1055524404,216,MT KENYA KARUE BEVERAGES LTD KIRITIRI,30000
2/24/2025,KCK133T,13,KEG,1055528915,216,MT KENYA KARUE BEVERAGES LTD KIRITIRI,30000
2/3/2025,KCK133T,13,KEG,1055453663,216,MT KENYA KARUE BEVERAGES LTD RUNYENJES,31500
2/3/2025,KBC677M,13,KEG,1055453664,216,MT KENYA KARUE BEVERAGES LTD RUNYENJES,31500
2/7/2025,KBC677M,13,KEG,1055472581,216,MT KENYA KARUE BEVERAGES LTD RUNYENJES,31500
2/8/2025,KCD001A,13,KEG,1055474173,216,MT KENYA KARUE BEVERAGES LTD RUNYENJES,31500
2/13/2025,KCJ579X,13,KEG,1055493029,216,MT KENYA KARUE BEVERAGES LTD RUNYENJES,31500
2/5/2025,KCU278L,13,KEG,1055462691,216,MUCHARAGE ENTERPRISES KANGARI,20000
2/6/2025,KAV208S,13,KEG,1055464171,216,MUCHARAGE ENTERPRISES KANGARI,20000
2/6/2025,KCJ579X,13,KEG,1055466203,216,MUCHARAGE ENTERPRISES KANGARI,20000
2/6/2025,KBT436A,13,KEG,1055467803,216,MUCHARAGE ENTERPRISES KANGARI,20000
2/8/2025,KBV646Z,13,KEG,1055475438,216,MUCHARAGE ENTERPRISES KANGARI,20000
2/9/2025,KBC677M,13,KEG,1055475575,216,MUCHARAGE ENTERPRISES KANGARI,20000
2/24/2025,KBT436A,13,KEG,1055528901,216,MUCHARAGE ENTERPRISES KANGARI,20000
3/4/2025,KCU278L,13,UDV,1055558085,744,ASPENDOS(k)LTD,33237
3/3/2025,KCK133T,13,UDV,1055555569,665,PEANCO KERUGOYA,33000
3/4/2025,KBC677M,13,UDV,1055560228,630,WAMUTI NYERI,35000
3/4/2025,KCJ579X,13,UDV,1055560230,669,KISAJU KAGIO,30000
3/6/2025,KBT436A,13,UDV,1055568739,618,HAPPYLAND NAROK,40000
3/6/2025,KAV208S,13,UDV,1055564562,674,KOROMOTO ELDORET,70000
3/6/2025,KCK133T,13,UDV,1055568375,700,KISAJU KAGIO,30000
3/11/2025,KCB803Z,13,UDV,1055585821,502,WAMUTI NYERI,35000
3/13/2025,KCJ579X,13,UDV,1055591416,810,BIA POA DISTRIBUTORS LIMITED,19000
3/11/2025,KDH312K,7,UDV,1055583502,308,ALBADI MWINGI,25000
3/11/2025,KBU196W,7,UDV,1055586815,430,MISTERTHREEDISTRIBUTORSLTD,25000
3/13/2025,KCN156N,7,UDV,1055595684,360,MUCHARAGE KAHURO,19500
3/12/2025,KBC677M,13,UDV,1055588380,587,KANGE NKUBU,45000
3/11/2025,KCD001A,13,UDV,1055579929,788,MT KENYAKARUEBEVERAGESLTD,40000
3/13/2025,KCJ579X,13,UDV,1055596146,650,KINGIINYA NKUBU,45000
3/15/2025,KCU278L,13,UDV,1055602675,890,SENATORYETUAGENCIES,28000
3/15/2025,KCD001A,13,UDV,1055602612,662,KISAJU KAGIO,30000
3/15/2025,KCK133T,13,UDV,1055604204,610,WAMUTI NYERI,35000
3/15/2025,KCB803Z,13,UDV,1055604210,510,WAMUTI NYERI,35000
3/18/2025,KDH312K,7,UDV,1055612095,368,JAOLO NAROK,26000
3/19/2025,KCJ579X,13,UDV,1055611888,688,MT KENYAKARUEBEVERAGESLTD,40000
3/18/2025,KCU278L,13,UDV,1055612192,656,KISAJU KAGIO,30000
3/19/2025,KCN156N,13,UDV,1055611405,377,MISTERTHREEDISTRIBUTORSLTD,25000
3/18/2025,KBU196W,13,UDV,1055610185,595,ASPENDOS(K)LTD OTHAYA,35000
3/19/2025,KAT547U,13,UDV,1055610188,557,KANGE NKUBU,45000
3/19/2025,KBT436A,13,UDV,1055616843,617,HAPPYLAND BOMET,52000
3/22/2025,KCN156N,13,UDV,1055627429,600,MT KENYAKARUEBEVERAGESLTD,40000
3/24/2025,KBT436A,13,UDV,1055634812,577,KISAJU KAGIO,30000
3/25/2025,KDH312K,7,UDV,1055639324,315,MUCHARAGE MURANGA,19000
3/27/2025,KCJ579X,13,UDV,1055642323,715,BIA POA DISTRIBUTORS LIMITED,19000
3/26/2025,KAV208S,13,UDV,1055642341,679,KISAJU KAGIO,30000
3/20/2025,KBC677M,13,UDV,1055618585,620,MALEXEDISTRIBUTORSLIMITED KITHYUKO,34000
3/21/2025,KBU196W,13,UDV,1055624984,525,ALBADI MWINGI,32000
3/26/2025,KDH312K,7,UDV,1055644921,300,JAOLO NAROK,26000
3/27/2025,KAT547U,7,UDV,1055643818,340,ENGIPRODISTRIBUTORSLIMITED,13600
3/27/2025,KCD001A,13,UDV,1055647529,700,KISAJU KAGIO,30000
3/28/2025,KAT547U,7,UDV,1055647465,300,MT KENYAKARUEBEVERAGESLTD,27300
3/28/2025,KDH312K,13,UDV,1055652407,390,WAMUTI NYERI,27000
3/29/2025,KBT436A,30,UDV,1055655626,1290,HAPPYLAND NAROK,40000
3/29/2025,KAV208S,30,UDV,1055655692,1000,HAPPYLAND BOMET,52000
3/29/2025,KBC677M,13,UDV,1055655953,600,BIA POA DISTRIBUTORS LIMITED,19000
3/28/2025,KCK133T,13,UDV,1055652005,710,D.O STORES ELDORET,70000
3/25/2025,KCK133T,13,UDV,1055635153,730,MISTERTHREEDISTRIBUTORSLTD,32000
3/30/2025,KDH312K,7,UDV,1055656595,410,KANGE NKUBU,32000
3/29/2025,KAW901B,30,UDV,1055655695,1000,HAPPYLAND BOMET,52000
3/29/2025,KAT547U,7,UDV,1055655874,375,IBANGUA NYERI,27000
3/31/2025,KAT547U,7,UDV,1055660152,432,KISAJU KAGIO,21000
3/30/2025,KBT436A,13,UDV,1055656693,668,DAKANEYKEROWCOMMUNICATIONLIMITED,33200
3/11/2025,KCR141P,13,UDV,1055585061,666,KISAJU KAGIO,30000
3/24/2025,KBC677M,13,UDV,1055634453,600,BIA POA DISTRIBUTORS LIMITED,19000
3/22/2025,KCD001A,13,UDV,1055629288,645,TOKI KITUI,37000
3/3/2025,KAV208S,13,KEG,1055553689,216,BIA POA DISTRIBUTORS LIMITED,19000
3/4/2025,KBT436A,13,KEG,1055557430,216,BIA POA DISTRIBUTORS LIMITED,19000
3/4/2025,KAW901B,13,KEG,1055557436,216,BIA POA DISTRIBUTORS LIMITED,19000
3/5/2025,KCD001A,13,KEG,1055560973,216,BIA POA DISTRIBUTORS LIMITED,19000
3/8/2025,KBC677M,13,KEG,1055576544,216,BIA POA DISTRIBUTORS LIMITED,19000
3/8/2025,KBT436A,13,KEG,1055576944,216,BIA POA DISTRIBUTORS LIMITED,19000
3/8/2025,KCK133T,13,KEG,1055577229,216,BIA POA DISTRIBUTORS LIMITED,19000
3/8/2025,KCJ579X,13,KEG,1055576069,216,BIA POA DISTRIBUTORS LIMITED,19000
3/9/2025,KBT436A,13,KEG,1055577902,216,BIA POA DISTRIBUTORS LIMITED,19000
3/9/2025,KAV208S,13,KEG,1055577997,216,BIA POA DISTRIBUTORS LIMITED,19000
3/9/2025,KBC677M,13,KEG,1055578001,216,BIA POA DISTRIBUTORS LIMITED,19000
3/10/2025,KCU278L,13,KEG,1055578002,216,BIA POA DISTRIBUTORS LIMITED,19000
3/10/2025,KAV208S,13,KEG,1055578003,216,BIA POA DISTRIBUTORS LIMITED,19000
3/14/2025,KCD001A,13,KEG,1055599550,216,BIA POA DISTRIBUTORS LIMITED,19000
3/18/2025,KAV208S,13,KEG,1055610323,216,BIA POA DISTRIBUTORS LIMITED,19000
3/18/2025,KBC677M,13,KEG,1055610324,216,BIA POA DISTRIBUTORS LIMITED,19000
3/18/2025,KAW901B,13,KEG,1055611472,216,BIA POA DISTRIBUTORS LIMITED,19000
3/20/2025,KAW901B,13,KEG,1055619741,216,BIA POA DISTRIBUTORS LIMITED,19000
3/20/2025,KCK133T,13,KEG,1055619754,216,BIA POA DISTRIBUTORS LIMITED,19000
3/20/2025,KCJ579X,13,KEG,1055619756,216,BIA POA DISTRIBUTORS LIMITED,19000
3/22/2025,KCJ579X,13,KEG,1055629258,216,BIA POA DISTRIBUTORS LIMITED,19000
3/23/2025,KCJ579X,13,KEG,1055630177,216,BIA POA DISTRIBUTORS LIMITED,19000
3/24/2025,KBC677M,13,KEG,1055630294,216,BIA POA DISTRIBUTORS LIMITED,19000
3/25/2025,KCJ579X,13,KEG,1055635212,216,BIA POA DISTRIBUTORS LIMITED,19000
3/25/2025,KCU278L,13,KEG,1055638112,216,BIA POA DISTRIBUTORS LIMITED,19000
3/25/2025,KCD001A,13,KEG,1055639912,216,BIA POA DISTRIBUTORS LIMITED,19000
3/27/2025,KBT436A,13,KEG,1055647688,216,BIA POA DISTRIBUTORS LIMITED,19000
3/27/2025,KCU278L,13,KEG,1055649450,216,BIA POA DISTRIBUTORS LIMITED,19000
3/28/2025,KBC677M,13,KEG,1055652516,216,BIA POA DISTRIBUTORS LIMITED,19000
3/28/2025,KCJ579X,13,KEG,1055654063,216,BIA POA DISTRIBUTORS LIMITED,19000
3/28/2025,KAV208S,13,KEG,1055654065,216,BIA POA DISTRIBUTORS LIMITED,19000
3/28/2025,KBT436A,13,KEG,1055654945,216,BIA POA DISTRIBUTORS LIMITED,19000
3/28/2025,KCD001A,13,KEG,1055654949,216,BIA POA DISTRIBUTORS LIMITED,19000
3/30/2025,KCU278L,13,KEG,1055656921,216,BIA POA DISTRIBUTORS LIMITED,19000
3/31/2025,KBC677M,13,KEG,1055656998,216,BIA POA DISTRIBUTORS LIMITED,19000
3/31/2025,KCD001A,13,KEG,1055657105,216,BIA POA DISTRIBUTORS LIMITED,19000
3/31/2025,KAV208S,13,KEG,1055657106,216,BIA POA DISTRIBUTORS LIMITED,19000
3/31/2025,KCJ579X,13,KEG,1055660449,216,BIA POA DISTRIBUTORS LIMITED,19000
3/12/2025,KBT436A,13,KEG,1055590036,216,D. O. STORES LIMITED KITALE,70000
3/12/2025,KAV208S,13,KEG,1055590151,216,D. O. STORES LIMITED KITALE,70000
3/6/2025,KAW901B,13,KEG,1055568077,216,DAVID MUNYAE DISTRIBUTORS COMPANY,23000
3/11/2025,KCD001A,13,KEG,1055584648,216,DAVID MUNYAE DISTRIBUTORS COMPANY,23000
3/17/2025,KAV208S,13,KEG,1055608051,216,DAVID MUNYAE DISTRIBUTORS COMPANY,23000
3/11/2025,KBV646Z,13,KEG,1055584649,216,DAVID MUNYAE KAKUKU,23000
3/19/2025,KAV208S,13,KEG,1055615399,216,DAVID MUNYAE KAKUKU,23000
3/21/2025,KCD001A,13,KEG,1055625369,216,DAVID MUNYAE KAKUKU,23000
3/9/2025,KCD001A,13,KEG,1055577610,216,HIGHMARK ISHIARA,40000
3/8/2025,KCU278L,13,KEG,1055577157,216,HIGHMARK TRADING MUKOTHIMA,54000
3/6/2025,KBC677M,13,KEG,1055569424,216,INTRICATE MARKETING EMALI KIBWEZI,41000
3/6/2025,KCU278L,13,KEG,1055570808,216,INTRICATE MARKETING EMALI KIBWEZI,41000
3/7/2025,KAW901B,13,KEG,1055572598,216,INTRICATE MARKETING EMALI KIBWEZI,41000
3/8/2025,KBV646Z,13,KEG,1055577158,216,INTRICATE MARKETING EMALI KIBWEZI,41000
3/15/2025,KAW901B,13,KEG,1055604049,216,INTRICATE MARKETING EMALI KIBWEZI,41000
3/17/2025,KCJ579X,13,KEG,1055605952,216,INTRICATE MARKETING EMALI KIBWEZI,41000
3/22/2025,KAW901B,13,KEG,1055629296,216,INTRICATE MARKETING EMALI KIBWEZI,41000
3/23/2025,KAV208S,13,KEG,1055629461,216,INTRICATE MARKETING EMALI KIBWEZI,41000
3/9/2025,KCJ579X,13,KEG,1055577641,216,JAOLO ENTERPRISES LIMITED,30000
3/12/2025,KCD001A,13,KEG,1055594155,216,JAOLO ENTERPRISES LIMITED,30000
3/1/2025,KCK133T,13,KEG,1055551946,216,MANARA LIMITED,20000
3/11/2025,KCK133T,13,KEG,1055583554,216,MANARA LIMITED,20000
3/11/2025,KBC677M,13,KEG,1055583553,216,MANARA LIMITED,20000
3/11/2025,KCJ579X,13,KEG,1055584679,216,MANARA LIMITED,20000
3/14/2025,KCK133T,13,KEG,1055602701,216,MANARA LIMITED,20000
3/15/2025,KAV208S,13,KEG,1055603813,216,MANARA LIMITED,20000
3/15/2025,KBC677M,13,KEG,1055604158,216,MANARA LIMITED,20000
3/17/2025,KCU278L,13,KEG,1055608082,216,MANARA LIMITED,20000
3/17/2025,KBC677M,13,KEG,1055608081,216,MANARA LIMITED,20000
3/20/2025,KCD001A,13,KEG,1055617620,216,MANARA LIMITED,20000
3/21/2025,KAV208S,13,KEG,1055627697,216,MANARA LIMITED,20000
3/21/2025,KCJ579X,13,KEG,1055628051,216,MANARA LIMITED,20000
3/21/2025,KAW901B,13,KEG,1055627700,216,MANARA LIMITED,20000
3/22/2025,KCK133T,13,KEG,1055628936,216,MANARA LIMITED,20000
3/23/2025,KBC677M,13,KEG,1055629540,216,MANARA LIMITED,20000
3/23/2025,KBT436A,13,KEG,1055629542,216,MANARA LIMITED,20000
3/23/2025,KCK133T,13,KEG,1055630086,216,MANARA LIMITED,20000
3/28/2025,KAW901B,13,KEG,1055652520,216,MANARA LIMITED,20000
3/29/2025,KCU278L,13,KEG,1055655161,216,MANARA LIMITED,20000
3/29/2025,KCD001A,13,KEG,1055656067,216,MANARA LIMITED,20000
3/30/2025,KCJ579X,13,KEG,1055656733,216,MANARA LIMITED,20000
3/31/2025,KCK133T,13,KEG,1055660029,216,MANARA LIMITED,20000
3/31/2025,KBC677M,13,KEG,1055660738,216,MANARA LIMITED,20000
3/8/2025,KAW901B,13,KEG,1055577231,216,MT KENYA KARUE BEVERAGES LTD KIRITIRI,30000
3/17/2025,KBT436A,13,KEG,1055606483,216,MT KENYA KARUE BEVERAGES LTD KIRITIRI,30000
3/18/2025,KCD001A,13,KEG,1055610167,216,MT KENYA KARUE BEVERAGES LTD KIRITIRI,30000
3/31/2025,KCU278L,13,KEG,1055661026,216,MT KENYA KARUE BEVERAGES LTD KIRITIRI,30000
3/6/2025,KCD001A,13,KEG,1055568099,216,MT KENYA KARUE BEVERAGES LTD RUNYENJES,31500
3/8/2025,KCD001A,13,KEG,1055576071,216,MT KENYA KARUE BEVERAGES LTD RUNYENJES,31500
3/9/2025,KCK133T,13,KEG,1055577855,216,MUCHARAGE ENTERPRISES KANGARI,20000
3/10/2025,KAW901B,13,KEG,1055581621,216,MUCHARAGE ENTERPRISES KANGARI,20000
3/18/2025,KCK133T,13,KEG,1055613173,216,MUCHARAGE ENTERPRISES KANGARI,20000
3/25/2025,KAW901B,13,KEG,1055639536,216,MUCHARAGE ENTERPRISES KANGARI,20000
3/26/2025,KBC677M,13,KEG,1055643847,216,MUCHARAGE ENTERPRISES KANGARI,20000
3/6/2025,KCJ579X,13,KEG,1055570685,216,SENATOR YETU AGENCIES GILGIL,26000
3/7/2025,KBV646Z,13,KEG,1055570682,216,SENATOR YETU AGENCIES GILGIL,26000
3/8/2025,KAV208S,13,KEG,1055575758,216,SENATOR YETU AGENCIES GILGIL,26000
3/21/2025,KCU278L,13,KEG,1055627428,216,SUPERLINE DISTRIBUTORS LTD TAVETA,72000
3/11/2025,KCU278L,13,KEG,1055587049,216,TESKO ENTERPRISES LIMITED,50000
3/11/2025,KAW901B,13,KEG,1055587051,216,TESKO ENTERPRISES LIMITED,50000
3/11/2025,KCK133T,13,KEG,1055587067,216,TESKO ENTERPRISES LIMITED,50000
3/5/2025,KAV208S,13,KEG,660613,300,DAVID MUNYAE DISTRIBUTORS COMPANY,14000
3/18/2025,KAW901B,13,KEG,660771,300,BIA POA DISTRIBUTORS LIMITED,13300
3/18/2025,KCK133T,13,KEG,660775,300,BIA POA DISTRIBUTORS LIMITED,13300
3/18/2025,KBU196W,13,KEG,660776,300,BIA POA DISTRIBUTORS LIMITED,13300
4/23/2025,KCJ579X,13,KEG,662102,300,BIA POA DISTRIBUTORS LIMITED,13300
4/1/2025,KCD001A,13,KEG,662358,300,DAVID MUNYAE DISTRIBUTORS COMPANY,16100
4/1/2025,KAV208S,13,KEG,1055661136,216,MANARA LIMITED,20000
4/9/2025,KCD001A,13,KEG,662266,300,BIA POA DISTRIBUTORS LIMITED,13300
4/9/2025,KBC677M,13,KEG,662267,300,BIA POA DISTRIBUTORS LIMITED,13300
4/9/2025,KCJ579X,13,KEG,662268,300,BIA POA DISTRIBUTORS LIMITED,13300
4/9/2025,KBT436A,13,KEG,662269,300,BIA POA DISTRIBUTORS LIMITED,13300
4/10/2025,KBC677M,13,KEG,1055694557,216,MT KENYA KARUE BEVERAGES LTD RUNYENJES,31500
4/10/2025,KCD001A,13,KEG,1055694554,216,MT KENYA KARUE BEVERAGES LTD KIRITIRI,30000
4/10/2025,KCJ579X,13,KEG,1055696847,216,MT KENYA KARUE BEVERAGES LTD RUNYENJES,31500
4/10/2025,KBT436A,13,KEG,1055698064,216,BIA POA DISTRIBUTORS LIMITED,19000
4/10/2025,KCU278L,13,KEG,1055697918,216,BIA POA DISTRIBUTORS LIMITED,19000
4/10/2025,KCK133T,13,KEG,1055700090,216,BIA POA DISTRIBUTORS LIMITED,19000
4/11/2025,KCD001A,13,KEG,1055701945,216,BIA POA DISTRIBUTORS LIMITED,19000
4/11/2025,KBT436A,13,KEG,1055704342,216,BIA POA DISTRIBUTORS LIMITED,19000
4/11/2025,KCU278L,13,KEG,1055705144,216,MUCHARAGE ENTERPRISES KANGARI,20000
4/12/2025,KCJ579X,13,KEG,1055706177,216,BIA POA DISTRIBUTORS LIMITED,19000
4/12/2025,KBT436A,13,KEG,1055706517,216,DAVID MUNYAE DISTRIBUTORS COMPANY,23000
4/12/2025,KCD001A,13,KEG,1055706580,216,BIA POA DISTRIBUTORS LIMITED,19000
4/13/2025,KCU278L,13,KEG,1055706845,216,ALBADI COMPANY LTD HOLA,90000
4/14/2025,KCK133T,13,KEG,1055711113,216,BIA POA DISTRIBUTORS LIMITED,19000
4/14/2025,KCJ579X,13,KEG,1055711673,216,BIA POA DISTRIBUTORS LIMITED,19000
4/14/2025,KAV208S,13,KEG,1055711683,216,INTRICATE MARKETING EMALI KIBWEZI,41000
4/15/2025,KBT436A,13,KEG,1055715725,216,BIA POA DISTRIBUTORS LIMITED,19000
4/15/2025,KCD001A,13,KEG,1055715726,216,BIA POA DISTRIBUTORS LIMITED,19000
4/15/2025,KCJ579X,13,KEG,1055717054,216,DAVID MUNYAE DISTRIBUTORS COMPANY,23000
4/16/2025,KBC677M,13,KEG,1055721341,216,BIA POA DISTRIBUTORS LIMITED,19000
4/16/2025,KCD001A,13,KEG,1055722126,216,BIA POA DISTRIBUTORS LIMITED,19000
4/16/2025,KAV208S,13,KEG,1055722133,216,BIA POA DISTRIBUTORS LIMITED,19000
4/16/2025,KCK133T,13,KEG,1055722456,216,MANARA LIMITED,20000
4/17/2025,KCU278L,13,KEG,1055723341,216,MANARA LIMITED,20000
4/17/2025,KBT436A,13,KEG,1055723335,216,BIA POA DISTRIBUTORS LIMITED,19000
4/17/2025,KBV646Z,13,KEG,1055725764,216,MUCHARAGE ENTERPRISES KANGARI,20000
4/17/2025,KCJ579X,13,KEG,1055725553,216,DAVID MUNYAE DISTRIBUTORS COMPANY,23000
4/17/2025,KAV208S,13,KEG,1055727196,216,MT KENYA KARUE BEVERAGES LTD RUNYENJES,31500
4/17/2025,KAW901B,13,KEG,1055727964,216,MANARA LIMITED,20000
4/18/2025,KCU278L,13,KEG,1055730375,216,MANARA LIMITED,20000
4/18/2025,KCJ579X,13,KEG,1055730427,216,BIA POA DISTRIBUTORS LIMITED,19000
4/18/2025,KBC677M,13,KEG,1055730618,216,BIA POA DISTRIBUTORS LIMITED,19000
4/18/2025,KCK133T,13,KEG,1055730841,216,MANARA LIMITED,20000
4/19/2025,KAV208S,13,KEG,1055731305,216,MT KENYA KARUE BEVERAGES LTD KIRITIRI,30000
4/19/2025,KAW901B,13,KEG,1055731311,216,MUCHARAGE ENTERPRISES KANGARI,20000
4/20/2025,KCJ579X,13,KEG,1055732210,216,MANARA LIMITED,20000
4/21/2025,KBC677M,13,KEG,1055732556,216,SUPERLINE DISTRIBUTORS LTD MWATATE,67000
4/21/2025,KCK133T,13,KEG,1055732570,216,MANARA LIMITED,20000
4/21/2025,KCU278L,13,KEG,1055732559,216,SUPERLINE DISTRIBUTORS LTD TAVETA,72000
4/21/2025,KBT436A,13,KEG,1055732566,216,MUCHARAGE ENTERPRISES KANGARI,20000
4/21/2025,KCJ579X,13,KEG,1055734806,216,MANARA LIMITED,20000
4/21/2025,KCD001A,13,KEG,662172,300,BIA POA DISTRIBUTORS LIMITED,13300
4/22/2025,KBV646Z,13,KEG,1055735442,216,MANARA LIMITED,20000
4/22/2025,KCK133T,13,KEG,1055736454,216,MANARA LIMITED,20000
4/22/2025,KAV208S,13,KEG,1055738318,216,MANARA LIMITED,20000
4/22/2025,KAW901B,13,KEG,1055738332,216,MANARA LIMITED,20000
4/22/2025,KBT436A,13,KEG,1055738345,216,MANARA LIMITED,20000
4/22/2025,KCJ579X,13,KEG,1055740554,216,MUCHARAGE ENTERPRISES KANGARI,20000
4/24/2025,KCJ579X,13,KEG,1055750019,216,MT KENYA KARUE BEVERAGES LTD RUNYENJES,31500
4/24/2025,KBT436A,13,KEG,662121,300,BIA POA DISTRIBUTORS LIMITED,13300
4/25/2025,KAV208S,13,KEG,1055754960,216,MANARA LIMITED,20000
4/25/2025,KCK133T,13,KEG,1055755629,216,SUPERLINE DISTRIBUTORS LTD SAMBURU,72000
4/26/2025,KAV208S,13,KEG,1055757643,216,MANARA LIMITED,20000
4/26/2025,KBC677M,13,KEG,1055757432,216,BIA POA DISTRIBUTORS LIMITED,19000
4/28/2025,KBT436A,13,KEG,1055758446,216,HIGHMARK ISHIARA,40000
4/28/2025,KCJ579X,13,KEG,1055760222,216,MUCHARAGE ENTERPRISES KANGARI,20000
4/28/2025,KCK133T,13,KEG,1055760426,216,MANARA LIMITED,20000
4/28/2025,KAW901B,13,KEG,1055761065,216,BIA POA DISTRIBUTORS LIMITED,19000
4/29/2025,KCJ579X,13,KEG,1055765394,216,BIA POA DISTRIBUTORS LIMITED,19000
4/30/2025,KCJ579X,13,KEG,1055770144,216,BIA POA DISTRIBUTORS LIMITED,19000
4/30/2025,KBT436A,13,KEG,1055770147,216,BIA POA DISTRIBUTORS LIMITED,19000
4/30/2025,KAV208S,13,KEG,1055772603,216,MANARA LIMITED,20000
4/28/2025,KCD001A,13,KEG,1055760322,216,INTRICATE MARKETING EMALI KIBWEZI,41000
4/8/2025,KAT547U,7,UDV,1055684046,304,DAKANEYKEROWCOMMUNICATIONLIMITED,21500
4/5/2025,KDH312K,7,UDV,1055679414,375,ALBADI MWINGI,25000
4/6/2025,KCN156N,7,UDV,1055679335,423,ENGIPRODISTRIBUTORSLIMITED,13600
4/9/2025,KAT547U,7,UDV,1055692553,390,IBANGUA NYERI,27000
4/9/2025,KCN156N,13,UDV,1055689302,502,IBANGUA NYERI,35000
4/7/2025,KCN156N,7,UDV,1055683455,483,ASPENDOS(k)LTD,22900
4/11/2025,KDH312K,7,UDV,1055704885,408,SENATORYETUAGENCIES,20000
4/12/2025,KCN156N,7,UDV,1055706341,322,ENGIPRODISTRIBUTORSLIMITED,13600
4/11/2025,KBC677M,13,UDV,1055701188,600,MT KENYAKARUEBEVERAGESLTD,40000
4/11/2025,KCK133T,13,UDV,1055702406,520,HAPPYLAND NAROK,40000
4/14/2025,KBC677M,13,UDV,1055708862,700,MT KENYAKARUEBEVERAGESLTD,40000
4/15/2025,KDH312K,7,UDV,1055715554,411,KISAJU KAGIO,21000
4/17/2025,KDH312K,7,UDV,1055720501,312,MUCHARAGE KAHURO,19500
4/15/2025,KCN156N,13,UDV,1055715555,514,KISAJU KAGIO,30000
4/18/2025,KCN156N,7,UDV,1055730350,355,MUCHARAGE KAHURO,19500
4/18/2025,KBT436A,13,UDV,1055730392,694,KISAJU KAGIO,30000
4/19/2025,KCD001A,13,UDV,1055730215,610,CYDEN ELDORET,70000
4/21/2025,KDH312K,7,UDV,1055734032,375,ENGIPRODISTRIBUTORSLIMITED,13600
4/22/2025,KDH312K,7,UDV,1055736430,390,ASPENDOS(K)LTD OTHAYA,27000
4/21/2025,KCN156N,7,UDV,1055734539,450,PEANCO KERUGOYA,22000
4/22/2025,KCN156N,7,UDV,1055738172,396,ALBADI MWINGI,25000
4/23/2025,KBC677M,13,UDV,1055744061,501,DELTA POINT MAKONGENI,20000
4/25/2025,KDH312K,7,UDV,1055752445,310,BIA POA DISTRIBUTORS LIMITED,12150
4/25/2025,KBT436A,13,UDV,1055749405,636,HAPPYLAND NAROK,40000
4/25/2025,KAW901B,13,UDV,1055743717,545,KANGE NKUBU,45000
4/25/2025,KCN156N,7,UDV,1055752680,438,KISAJU KAGIO,21000
4/25/2025,KCU278L,13,UDV,1055752686,600,WAMUTI NYERI,35000
4/28/2025,KCU278L,13,UDV,1055759901,641,KISAJU KAGIO,30000
4/28/2025,KDH312K,7,UDV,1055759916,450,MISTERTHREEDISTRIBUTORSLTD,22300
4/28/2025,KBC677M,13,UDV,1055762164,1100,MT KENYAKARUEBEVERAGESLTD,40000
4/28/2025,KCN156N,7,UDV,1055759988,308,DELTA POINT MAKONGENI,12000
4/24/2025,KBV646Z,13,UDV,1055749339,650,WAMUTI NYERI,35000
4/28/2025,KAV208S,13,UDV,1055761605,690,WAMUTI NYERI,35000
4/30/2025,KDH312K,7,UDV,1055773415,496,KISAJU KAGIO,21000
4/29/2025,KAW901B,13,UDV,1055765582,574,KISAJU KAGIO,30000
4/29/2025,KAT547U,7,UDV,1055765583,450,KISAJU KAGIO,21000
4/29/2025,KDH312K,7,UDV,1055767681,365,ALBADI MWINGI,25000
4/29/2025,KBC677M,13,UDV,1055765574,565,MT KENYAKARUEBEVERAGESLTD,40000
4/29/2025,KCU278L,13,UDV,1055767299,605,SENATORYETUAGENCIES,28000
4/29/2025,KCN156N,7,UDV,1055766581,340,CYDEN ELDORET,50000
4/30/2025,KAT547U,7,UDV,1055772522,376,ENGIPRODISTRIBUTORSLIMITED,13600
4/30/2025,KAW901B,13,UDV,1055773411,516,CYDEN ELDORET,70000
4/29/2025,KCD001A,13,UDV,1055765307,750,CYDEN ELDORET,70000
5/6/2025,KCN156N,7,UDV,1055784440,460,ENGIPRODISTRIBUTORSLIMITED,13600
5/6/2025,KCN156N,7,UDV,1055784432,369,DAKANEYKEROWCOMMUNICATIONLIMITED,21500
5/8/2025,KCN156N,7,UDV,1055799459,460,ENGIPRODISTRIBUTORSLIMITED,13600
5/6/2025,KCD001A,13,UDV,1055786967,600,MT KENYAKARUEBEVERAGESLTD,40000
5/8/2025,KAW901B,13,UDV,1055799545,729,TOKI KITUI,37000
5/8/2025,KDH312K,7,UDV,1055796625,309,IBANGUA NYERI,27000
5/12/2025,KDH312K,7,UDV,1055808498,319,MUCHARAGE MURANGA,19000
5/13/2025,KCN156N,7,UDV,1055811612,485,ASPENDOS(K)LTD OTHAYA,27000
5/9/2025,KAV208S,13,UDV,1055803825,603,HAPPYLAND BOMET,52000
5/12/2025,KAV208S,13,UDV,1055811610,648,SENATORYETUAGENCIES,28000
5/14/2025,KCN156N,7,UDV,1055815535,430,PEANCO KERUGOYA,22000
5/13/2025,KAT547U,7,UDV,1055814551,353,MISTERTHREEDISTRIBUTORSLTD,22300
5/12/2025,KAW901B,13,UDV,1055811206,599,INTRICATE MARKETING EMALI,45000
5/13/2025,KCD001A,13,UDV,1055814539,545,HAPPYLAND NAROK,40000
5/14/2025,KAV208S,13,UDV,1055820578,643,D.O STORES ELDORET,70000
5/14/2025,KBT436A,13,UDV,1055814629,663,ALBADI MWINGI,35000
5/14/2025,KDH312K,7,UDV,1055814547,381,IBANGUA MAKUTANO,27000
5/14/2025,KBV646Z,13,UDV,1055815935,545,MT KENYAKARUEBEVERAGESLTD,40000
5/16/2025,KAT547U,7,UDV,1055829399,453,IBANGUA NYERI,27000
5/15/2025,KAW901B,13,UDV,1055824266,600,MT KENYAKARUEBEVERAGESLTD,40000
5/17/2025,KDH312K,7,UDV,1055833917,320,MUCHARAGE MURANGA,25000
5/17/2025,KCN156N,13,UDV,1055833821,534,DELTA POINT MAKONGENI,20000
5/15/2025,KCD001A,13,UDV,1055826039,727,D.O STORES ELDORET,70000
5/20/2025,KBC677M,13,UDV,1055836396,590,KISAJU KAGIO,30000
5/19/2025,KCU278L,13,UDV,1055836399,600,MT KENYAKARUEBEVERAGESLTD,40000
5/20/2025,KCN156N,13,UDV,1055842801,505,KANGE NKUBU,45000
5/21/2025,KCD001A,13,UDV,1055848998,560,WAMUTI NYERI,37000
5/21/2025,KAT547U,7,UDV,1055842807,323,MUCHARAGE KAHURO,19500
5/21/2025,KCJ579X,13,UDV,1055847904,590,BIA POA DISTRIBUTORS LIMITED,19000
5/21/2025,KDH312K,7,UDV,1055847898,359,DAKANEYKEROWCOMMUNICATIONLIMITED,21500
5/21/2025,KBC677M,13,UDV,1055846964,660,KISAJU KAGIO,30000
5/24/2025,KBC677M,13,UDV,1055859241,540,WAMUTI NYERI,35000
5/23/2025,KCU278L,13,UDV,1055859095,650,DELTA POINT MAKONGENI,20000
5/25/2025,KAT547U,7,UDV,1055861366,494,DAVID MUNYAE DISTRIBUTORS COMPANY,16500
5/26/2025,KCD001A,13,UDV,1055865335,736,KISAJU KAGIO,30000
5/27/2025,KAV208S,13,UDV,1055864599,789,PEANCO KERUGOYA,33000
5/27/2025,KAT547U,7,UDV,1055868026,366,MISTERTHREEDISTRIBUTORSLTD,22300
5/26/2025,KCN156N,7,UDV,1055864658,431,HAPPYLAND NAROK,26000
5/26/2025,KCK133T,13,UDV,1055863167,670,HAPPYLAND BOMET,52000
5/28/2025,KCN156N,7,UDV,1055873398,440,BIA POA DISTRIBUTORS LIMITED,12150
5/28/2025,KAV208S,30,UDV,1055875301,1200,HAPPYLAND NAROK,40000
5/29/2025,KAT547U,13,UDV,1055878714,564,ENGIPRODISTRIBUTORSLIMITED,19500
5/30/2025,KCJ579X,13,UDV,1055887040,755,ASPENDOS(k)LTD,33237
5/27/2025,KDH312K,7,UDV,1055867783,313,MALEXEDISTRIBUTORSLIMITED KITHYUKO,22000
5/31/2025,KCN156N,7,UDV,1055888880,338,MUCHARAGE MURANGA,25000
5/30/2025,KBT436A,13,UDV,1055886750,1142,DELTA POINT MAKONGENI,20000
5/5/2025,KAV208S,13,KEG,1055784058,216,BIA POA DISTRIBUTORS LIMITED,19000
5/8/2025,KBC677M,13,KEG,1055797565,216,BIA POA DISTRIBUTORS LIMITED,19000
5/8/2025,KBT436A,13,KEG,1055797562,216,BIA POA DISTRIBUTORS LIMITED,19000
5/9/2025,KBC677M,13,KEG,1055804886,216,BIA POA DISTRIBUTORS LIMITED,19000
5/10/2025,KAW901B,13,KEG,1055806749,216,BIA POA DISTRIBUTORS LIMITED,19000
5/10/2025,KCJ579X,13,KEG,1055806750,216,BIA POA DISTRIBUTORS LIMITED,19000
5/16/2025,KCJ579X,13,KEG,1055827137,216,BIA POA DISTRIBUTORS LIMITED,19000
5/16/2025,KCU278L,13,KEG,1055830728,216,BIA POA DISTRIBUTORS LIMITED,19000
5/16/2025,KBT436A,13,KEG,1055832958,216,BIA POA DISTRIBUTORS LIMITED,19000
5/17/2025,KCJ579X,13,KEG,1055834130,216,BIA POA DISTRIBUTORS LIMITED,19000
5/17/2025,KAV208S,13,KEG,1055834207,216,BIA POA DISTRIBUTORS LIMITED,19000
5/17/2025,KCK133T,13,KEG,1055834208,216,BIA POA DISTRIBUTORS LIMITED,19000
5/20/2025,KCJ579X,13,KEG,1055841364,216,BIA POA DISTRIBUTORS LIMITED,19000
5/20/2025,KCD001A,13,KEG,1055841354,216,BIA POA DISTRIBUTORS LIMITED,19000
5/20/2025,KCK133T,13,KEG,1055841420,216,BIA POA DISTRIBUTORS LIMITED,19000
5/28/2025,KCD001A,13,KEG,1055874916,216,BIA POA DISTRIBUTORS LIMITED,19000
5/30/2025,KBT436A,13,KEG,1055884562,216,BIA POA DISTRIBUTORS LIMITED,19000
5/30/2025,KAV208S,13,KEG,1055887456,216,BIA POA DISTRIBUTORS LIMITED,19000
5/31/2025,KBC677M,13,KEG,1055889206,216,BIA POA DISTRIBUTORS LIMITED,19000
5/13/2025,KCJ579X,13,KEG,1055814510,216,DAVID MUNYAE DISTRIBUTORS COMPANY,23000
5/20/2025,KBT436A,13,KEG,1055841545,216,DAVID MUNYAE KAKUKU,23000
5/30/2025,KCU278L,13,KEG,1055887586,216,DAVID MUNYAE KAKUKU,23000
5/26/2025,KBT436A,13,KEG,1055865923,216,HIGHMARK ISHIARA,40000
5/6/2025,KAW901B,13,KEG,1055789216,216,HIGHMARK TRADING MUKOTHIMA,54000
5/5/2025,KBC677M,13,KEG,1055783023,216,INTRICATE MARKETING EMALI KIBWEZI,41000
5/5/2025,KCU278L,13,KEG,1055783059,216,INTRICATE MARKETING EMALI KIBWEZI,41000
5/8/2025,KAV208S,13,KEG,1055797088,216,INTRICATE MARKETING EMALI KIBWEZI,41000
5/8/2025,KCU278L,13,KEG,1055799879,216,INTRICATE MARKETING EMALI KIBWEZI,41000
5/8/2025,KCD001A,13,KEG,1055800192,216,INTRICATE MARKETING EMALI KIBWEZI,41000
5/13/2025,KCU278L,13,KEG,1055817171,216,INTRICATE MARKETING EMALI KIBWEZI,41000
5/14/2025,KCK133T,13,KEG,1055822599,216,INTRICATE MARKETING EMALI KIBWEZI,41000
5/16/2025,KBC677M,13,KEG,1055831386,216,INTRICATE MARKETING EMALI KIBWEZI,41000
5/22/2025,KAV208S,13,KEG,1055852261,216,INTRICATE MARKETING EMALI KIBWEZI,41000
5/22/2025,KBT436A,13,KEG,1055852265,216,INTRICATE MARKETING EMALI KIBWEZI,41000
5/28/2025,KCU278L,13,KEG,1055876676,216,INTRICATE MARKETING EMALI KIBWEZI,41000
5/5/2025,KBT436A,13,KEG,1055784063,216,MANARA LIMITED,20000
5/5/2025,KCJ579X,13,KEG,1055784021,216,MANARA LIMITED,20000
5/8/2025,KCK133T,13,KEG,1055797576,216,MANARA LIMITED,20000
5/10/2025,KBT436A,13,KEG,1055806747,216,MANARA LIMITED,20000
5/14/2025,KCJ579X,13,KEG,1055822395,216,MANARA LIMITED,20000
5/21/2025,KCU278L,13,KEG,1055847215,216,MANARA LIMITED,20000
5/24/2025,KCD001A,13,KEG,1055861008,216,MANARA LIMITED,20000
5/26/2025,KCJ579X,13,KEG,1055863083,216,MANARA LIMITED,20000
5/26/2025,KCU278L,13,KEG,1055863109,216,MANARA LIMITED,20000
5/27/2025,KCJ579X,13,KEG,1055871259,216,MANARA LIMITED,20000
5/28/2025,KCJ579X,13,KEG,1055875093,216,MANARA LIMITED,20000
5/28/2025,KCK133T,13,KEG,1055876252,216,MANARA LIMITED,20000
5/30/2025,KCJ579X,13,KEG,1055883981,216,MANARA LIMITED,20000
5/30/2025,KCK133T,13,KEG,1055886539,216,MANARA LIMITED,20000
5/5/2025,KCK133T,13,KEG,1055783057,216,MT KENYA KARUE BEVERAGES LTD KIRITIRI,30000
5/22/2025,KCK133T,13,KEG,1055852228,216,MT KENYA KARUE BEVERAGES LTD KIRITIRI,30000
5/8/2025,KCJ579X,13,KEG,1055797568,216,MT KENYA KARUE BEVERAGES LTD RUNYENJES,31500
5/12/2025,KBC677M,13,KEG,1055808866,216,MT KENYA KARUE BEVERAGES LTD RUNYENJES,31500
5/20/2025,KAV208S,13,KEG,1055843855,216,MT KENYA KARUE BEVERAGES LTD RUNYENJES,31500
5/12/2025,KCD001A,13,KEG,1055808868,216,MUCHARAGE ENTERPRISES KANGARI,20000
5/14/2025,KBC677M,13,KEG,1055822397,216,MUCHARAGE ENTERPRISES KANGARI,20000
5/23/2025,KCJ579X,13,KEG,1055857246,216,MUCHARAGE ENTERPRISES KANGARI,20000
5/26/2025,KBC677M,13,KEG,1055863076,216,MUCHARAGE ENTERPRISES KANGARI,20000
5/28/2025,KBC677M,13,KEG,1055873619,216,SUPERLINE DISTRIBUTORS LTD SAMBURU,72000
5/6/2025,KBV646Z,13,KEG,1055789262,216,SUPERLINE DISTRIBUTORS LTD TAVETA,72000
5/5/2025,KBV646Z,13,KEG,660902,300,BIA POA DISTRIBUTORS LIMITED,13300
5/5/2025,KCJ579X,13,KEG,660901,300,BIA POA DISTRIBUTORS LIMITED,13300
5/5/2025,KAW901B,13,KEG,661650,300,BIA POA DISTRIBUTORS LIMITED,13300
5/5/2025,KCD001A,13,KEG,661649,300,BIA POA DISTRIBUTORS LIMITED,13300
5/5/2025,KAV208S,13,KEG,661648,300,BIA POA DISTRIBUTORS LIMITED,13300
5/24/2025,KCD001A,13,KEG,667059,300,BIA POA DISTRIBUTORS LIMITED,13300
5/26/2025,KCK133T,13,KEG,667064,300,BIA POA DISTRIBUTORS LIMITED,13300
5/14/2025,KCK133T,13,KEG,660932,300,MUCHARAGE ENTERPRISES KANGARI,14000
5/14/2025,KBC677M,13,KEG,660933,300,MUCHARAGE ENTERPRISES KANGARI,14000
6/9/2025,KAT547U,13,UDV,1055916443,550,MT KENYAKARUEBEVERAGESLTD,40000
6/10/2025,KCD001A,13,UDV,1055917001,724,KISAJU KAGIO,30000
6/9/2025,KCN156N,13,UDV,1055916607,580,HAPPYLAND NAROK,40000
6/6/2025,KAT547U,7,UDV,1055908399,301,MUCHARAGE KAHURO,19500
6/11/2025,KCD001A,13,UDV,1055921313,597,WAMUTI NYERI,35000
6/10/2025,KBT436A,13,UDV,1055917114,529,ALBADI MWINGI,35000
6/10/2025,KCK133T,13,UDV,1055917125,525,ENGIPRODISTRIBUTORSLIMITED,19000
6/10/2025,KAT547U,7,UDV,1055921203,490,BIA POA DISTRIBUTORS LIMITED,12150
6/11/2025,KDH312K,7,UDV,1055926583,466,KISAJU KAGIO,21000
6/12/2025,KBT436A,13,UDV,1055930448,624,MT KENYAKARUEBEVERAGESLTD,40000
6/12/2025,KAT547U,7,UDV,1055931724,445,ALBADI MWINGI,25000
6/17/2025,KAV208S,13,UDV,1055942728,687,ENGIPRODISTRIBUTORSLIMITED,19000
6/17/2025,KAT547U,7,UDV,1055948108,470,BIA POA DISTRIBUTORS LIMITED,12150
6/17/2025,KBT436A,13,UDV,1055946296,656,ASPENDOS(k)LTD,33237
6/18/2025,KAT547U,13,UDV,1055953714,531,MT KENYAKARUEBEVERAGESLTD,40000
6/17/2025,KDH312K,7,UDV,1055947464,390,SENATORYETUAGENCIES,21000
6/20/2025,KDH312K,7,UDV,1055961869,408,KISAJU KAGIO,21000
6/11/2025,KCN156N,13,UDV,1055927077,533,KINGIINYA NKUBU,45000
6/22/2025,KDH312K,7,UDV,1055965983,400,BIA POA DISTRIBUTORS LIMITED,12150
6/22/2025,KAV208S,13,UDV,1055965361,625,HAPPYLAND NAROK,40000
6/19/2025,KCD001A,13,UDV,1055958120,749,HAPPYLAND BOMET,52000
6/24/2025,KCU278L,13,UDV,1055969082,578,JAOLO NAROK,40000
6/24/2025,KCN156N,7,UDV,1055969633,440,ASPENDOS(k)LTD,22900
6/23/2025,KAT547U,7,UDV,1055967638,347,MISTERTHREEDISTRIBUTORSLTD,22300
6/25/2025,KCN156N,13,UDV,1055976978,546,MT KENYAKARUEBEVERAGESLTD,40000
6/21/2025,KBT436A,13,UDV,1055964874,537,MT KENYAKARUEBEVERAGESLTD,40000
6/26/2025,KAV208S,13,UDV,1055977562,825,DELTA POINT MAKONGENI,20000
6/26/2025,KDH312K,7,UDV,1055976859,339,WAMUTI NYERI,27000
6/25/2025,KAT547U,7,UDV,1055976985,481,HAPPYLAND NAROK,26000
6/26/2025,KCU278L,13,UDV,1055983998,727,TOKI KITUI,37000
6/27/2025,KBT436A,13,UDV,1055988282,1300,HAPPYLAND BOMET,52000
6/27/2025,KDH312K,7,UDV,1055987076,301,MUCHARAGE KAHURO,19500
6/27/2025,KBV646Z,13,UDV,1055986153,620,HAPPYLAND NAROK,40000
6/2/2025,KCK133T,13,KEG,1055890275,216,BIA POA DISTRIBUTORS LIMITED,19000
6/2/2025,KCU278L,13,KEG,1055890300,216,BIA POA DISTRIBUTORS LIMITED,19000
6/3/2025,KBT436A,13,KEG,1055893673,216,BIA POA DISTRIBUTORS LIMITED,19000
6/3/2025,KCD001A,13,KEG,1055895562,216,BIA POA DISTRIBUTORS LIMITED,19000
6/4/2025,KCU278L,13,KEG,1055901079,216,INTRICATE MARKETING EMALI KIBWEZI,41000
6/5/2025,KBT436A,13,KEG,1055903174,216,INTRICATE MARKETING EMALI KIBWEZI,41000
6/5/2025,KCD001A,13,KEG,1055905064,216,BIA POA DISTRIBUTORS LIMITED,19000
6/7/2025,KCD001A,13,KEG,1055911833,216,MT KENYA KARUE BEVERAGES LTD KIRITIRI,30000
6/7/2025,KBT436A,13,KEG,1055912128,216,BIA POA DISTRIBUTORS LIMITED,19000
6/9/2025,KCU278L,13,KEG,1055916621,216,DAVID MUNYAE DISTRIBUTORS COMPANY,23000
6/10/2025,KCU278L,13,KEG,1055921813,216,HIGHMARK TRADING MUKOTHIMA,54000
6/12/2025,KCU278L,13,KEG,1055932556,216,MANARA LIMITED,20000
6/12/2025,KAV208S,13,KEG,1055932386,216,MANARA LIMITED,20000
6/13/2025,KAV208S,13,KEG,1055937318,216,MANARA LIMITED,20000
6/13/2025,KCU278L,13,KEG,1055937724,216,MUCHARAGE ENTERPRISES KANGARI,20000
6/14/2025,KCD001A,13,KEG,1055938832,216,SUPERLINE DISTRIBUTORS LTD SAMBURU,72000
6/14/2025,KCU278L,13,KEG,1055938835,216,SUPERLINE DISTRIBUTORS LTD TAVETA,72000
6/15/2025,KBV646Z,13,KEG,1055939558,216,MANARA LIMITED,20000
6/16/2025,KBT436A,13,KEG,1055939665,216,MANARA LIMITED,20000
6/17/2025,KCD001A,13,KEG,1055949863,216,DAVID MUNYAE DISTRIBUTORS COMPANY,23000
6/17/2025,KCU278L,13,KEG,1055949979,216,INTRICATE MARKETING EMALI KIBWEZI,41000
6/17/2025,KBV646Z,13,KEG,1055949980,216,MUCHARAGE ENTERPRISES KANGARI,20000
6/17/2025,KAV208S,13,KEG,1055948601,216,MT KENYA KARUE BEVERAGES LTD KIRITIRI,30000
6/19/2025,KBT436A,13,KEG,1055958816,216,DAVID MUNYAE DISTRIBUTORS COMPANY,23000
6/20/2025,KAV208S,13,KEG,1055963613,216,BIA POA DISTRIBUTORS LIMITED,19000
6/20/2025,KBV646Z,13,KEG,1055963968,216,DAVID MUNYAE KAKUKU,23000
6/24/2025,KAV208S,13,KEG,1055972710,216,BIA POA DISTRIBUTORS LIMITED,19000
6/24/2025,KCD001A,13,KEG,1055975756,216,BIA POA DISTRIBUTORS LIMITED,19000
6/24/2025,KBV646Z,13,KEG,1055975272,216,MUCHARAGE ENTERPRISES KANGARI,20000
6/25/2025,KBT436A,13,KEG,1055976010,216,BIA POA DISTRIBUTORS LIMITED,19000
6/25/2025,KCU278L,13,KEG,1055977058,216,BIA POA DISTRIBUTORS LIMITED,19000
6/27/2025,KCD001A,13,KEG,1055987778,216,INTRICATE MARKETING EMALI KIBWEZI,41000
6/27/2025,KAV208S,13,KEG,1055988432,216,MT KENYA KARUE BEVERAGES LTD KIRITIRI,30000
6/28/2025,KCU278L,13,KEG,1055989463,216,INTRICATE MARKETING EMALI KIBWEZI,41000
6/19/2025,KAV208S,13,KEG,667434,300,BIA POA DISTRIBUTORS LIMITED,13300
6/30/2025,KBT436A,13,KEG,665318,300,BIA POA DISTRIBUTORS LIMITED,13300
6/30/2025,KBV646Z,13,KEG,665321,300,BIA POA DISTRIBUTORS LIMITED,13300
6/30/2025,KCD001A,13,KEG,665333,300,BIA POA DISTRIBUTORS LIMITED,13300
7/8/2025,KAV208S,13,KEG,1056017616,216,BIA POA DISTRIBUTORS LIMITED,19000
7/8/2025,KBV646Z,13,KEG,1056017615,216,BIA POA DISTRIBUTORS LIMITED,19000
7/3/2025,KBT436A,13,KEG,1056003763,216,MT KENYA KARUE BEVERAGES LTD KIRITIRI,30000
7/3/2025,KCD001A,13,KEG,1056003513,216,MANARA LIMITED,20000
7/3/2025,KAV208S,13,KEG,1056002388,216,HIGHMARK ISHIARA,40000
7/4/2025,KBV646Z,13,KEG,1056008052,216,MANARA LIMITED,20000
7/5/2025,KCU278L,13,KEG,1056010950,216,BIA POA DISTRIBUTORS LIMITED,19000
7/6/2025,KBV646Z,13,KEG,1056010952,216,BIA POA DISTRIBUTORS LIMITED,19000
7/6/2025,KAV208S,13,KEG,1056010959,216,MANARA LIMITED,20000
7/5/2025,KBT436A,13,KEG,1056010590,216,DAVID MUNYAE DISTRIBUTORS COMPANY,23000
7/9/2025,KBT436A,13,KEG,1056026056,216,DAVID MUNYAE KAKUKU,23000
7/8/2025,KCU278L,13,KEG,1056016830,216,INTRICATE MARKETING EMALI KIBWEZI,41000
7/9/2025,KAV208S,13,KEG,1056025560,216,INTRICATE MARKETING EMALI KIBWEZI,41000
7/11/2025,KBV646Z,13,KEG,1056031990,216,INTRICATE MARKETING EMALI KIBWEZI,41000
7/10/2025,KCD001A,13,KEG,1056026142,216,INTRICATE MARKETING EMALI KIBWEZI,41000
7/14/2025,KAV208S,13,KEG,1056040931,216,INTRICATE MARKETING EMALI KIBWEZI,41000
7/12/2025,KBT436A,13,KEG,1056035982,216,MT KENYA KARUE BEVERAGES LTD KIRITIRI,30000
7/5/2025,KAV208S,13,KEG,1056010601,216,BIA POA DISTRIBUTORS LIMITED,19000
7/14/2025,KCD001A,13,KEG,1056041589,216,SUPERLINE DISTRIBUTORS LTD WUNDANYI,65000
7/17/2025,KCU278L,13,KEG,1056055712,216,MUCHARAGE ENTERPRISES KANGARI,20000
7/16/2025,KAV208S,13,KEG,1056049674,216,INTRICATE MARKETING EMALI KIBWEZI,41000
7/16/2025,KBT436A,13,KEG,1056051054,216,MT KENYA KARUE BEVERAGES LTD KIRITIRI,30000
7/18/2025,KAV208S,13,KEG,1056059641,216,MANARA LIMITED,20000
7/18/2025,KCD001A,13,KEG,1056059639,216,MANARA LIMITED,20000
7/20/2025,KAV208S,13,KEG,1056061434,216,MANARA LIMITED,20000
7/20/2025,KCD001A,13,KEG,1056060866,216,MUCHARAGE ENTERPRISES KANGARI,20000
7/20/2025,KCU278L,13,KEG,1056060859,216,MANARA LIMITED,20000
7/24/2025,KBV646Z,13,KEG,1056077228,216,INTRICATE MARKETING EMALI KIBWEZI,41000
7/23/2025,KAV208S,13,KEG,1056072426,216,DAVID MUNYAE DISTRIBUTORS COMPANY,23000
7/23/2025,KAV208S,13,KEG,1056075427,216,MT KENYA KARUE BEVERAGES LTD KIRITIRI,30000
7/22/2025,KCU278L,13,KEG,1056070809,216,BIA POA DISTRIBUTORS LIMITED,19000
7/22/2025,KBT436A,13,KEG,1056067928,216,BIA POA DISTRIBUTORS LIMITED,19000
7/22/2025,KBV646Z,13,KEG,1056068181,216,BIA POA DISTRIBUTORS LIMITED,19000
7/21/2025,KAV208S,13,KEG,1056066518,216,INTRICATE MARKETING EMALI KIBWEZI,41000
7/25/2025,KCD001A,13,KEG,1056085801,216,DAVID MUNYAE KAKUKU,23000
7/26/2025,KAV208S,13,KEG,1056088245,216,DAVID MUNYAE DISTRIBUTORS COMPANY,23000
7/30/2025,KCD001A,13,KEG,1056104372,216,MANARA LIMITED,20000
7/30/2025,KAV208S,13,KEG,1056102591,216,MANARA LIMITED,20000
7/29/2025,KCD001A,13,KEG,1056099332,216,MANARA LIMITED,20000
7/30/2025,KBT436A,13,KEG,1056104262,216,BIA POA DISTRIBUTORS LIMITED,19000
7/30/2025,KBV646Z,13,KEG,1056104183,216,BIA POA DISTRIBUTORS LIMITED,19000
7/29/2025,KBT436A,13,KEG,1056099523,216,MANARA LIMITED,20000
7/29/2025,KCU278L,13,KEG,1056098788,216,MANARA LIMITED,20000
7/31/2025,KBT436A,13,KEG,1056108817,216,MANARA LIMITED,20000
7/30/2025,KCU278L,13,KEG,1056104607,216,BIA POA DISTRIBUTORS LIMITED,19000
7/1/2025,KAV208S,13,KEG,665001,300,BIA POA DISTRIBUTORS LIMITED,13300
7/2/2025,KAV208S,13,KEG,665038,300,BIA POA DISTRIBUTORS LIMITED,13300
7/2/2025,KCU278L,13,KEG,665037,300,BIA POA DISTRIBUTORS LIMITED,13300
7/12/2025,KBT436A,13,KEG,666566,300,BIA POA DISTRIBUTORS LIMITED,13300
7/14/2025,KCD001A,13,KEG,666588,300,BIA POA DISTRIBUTORS LIMITED,13300
7/18/2025,KBV646Z,13,KEG,666626,300,BIA POA DISTRIBUTORS LIMITED,13300
7/30/2025,KAV208S,13,KEG,665497,300,BIA POA DISTRIBUTORS LIMITED,13300
7/5/2025,KAT547U,7,UDV,1056010738,300,ENGIPRODISTRIBUTORSLIMITED,13600
7/4/2025,KCU278L,13,UDV,1056008847,676,MT KENYAKARUEBEVERAGESLTD,40000
7/8/2025,KBT436A,13,UDV,1056019423,512,KISAJU KAGIO,30000
7/11/2025,KAT547U,7,UDV,1056027040,336,DELTA POINT MAKONGENI,12500
7/11/2025,KDH312K,7,UDV,1056029302,300,HAPPYLAND NAROK,26000
7/10/2025,KAT547U,7,UDV,1056029312,400,MT KENYAKARUEBEVERAGESLTD,27300
7/12/2025,KDH312K,7,UDV,1056030430,370,ASPENDOS(k)LTD,22900
7/15/2025,KBT436A,13,UDV,1056040971,593,ASPENDOS(k)LTD,33237
7/14/2025,KCU278L,13,UDV,1056039770,635,HAPPYLAND BOMET,52000
7/15/2025,KDH312K,7,UDV,1056043043,400,KINGIINYA NKUBU,32000
7/16/2025,KAT547U,7,UDV,1056045138,447,ENGIPRODISTRIBUTORSLIMITED,13600
7/17/2025,KDH312K,7,UDV,1056049000,366,JAOLO NAROK,26000
7/16/2025,KBV646Z,13,UDV,1056044058,602,MT KENYAKARUEBEVERAGESLTD,40000
7/18/2025,KDH312K,7,UDV,1056057878,325,ASPENDOS(K)LTD OTHAYA,27000
7/21/2025,KCD001A,13,UDV,1056063154,575,WAMUTI NYERI,35000
7/21/2025,KAT547U,7,UDV,1056063218,370,PEANCO KERUGOYA,22000
7/18/2025,KBT436A,13,UDV,1056057707,665,WAMUTI NYERI,35000
7/24/2025,KBT436A,13,UDV,1056075822,756,KISAJU KAGIO,30000
7/24/2025,KDH312K,7,UDV,1056068502,409,MISTERTHREEDISTRIBUTORSLTD,22300
7/20/2025,KBT436A,30,UDV,1056061178,1220,MT KENYAKARUEBEVERAGESLTD,40000
7/23/2025,KCD001A,13,UDV,1056070834,616,KISAJU KAGIO,30000
7/22/2025,KAT547U,7,UDV,1056070280,481,HAPPYLAND NAROK,26000
7/27/2025,KAT547U,7,UDV,1056087784,418,ENGIPRODISTRIBUTORSLIMITED,13600
7/26/2025,KDH312K,7,UDV,1056087848,310,MUCHARAGE MURANGA,22900
7/28/2025,KBV646Z,13,UDV,1056092064,644,MT KENYAKARUEBEVERAGESLTD,40000
7/26/2025,KCU278L,13,UDV,1056085120,676,HAPPYLAND BOMET,52000
7/29/2025,KDH312K,7,UDV,1056095540,430,PEANCO KERUGOYA,22000
7/31/2025,KDH312K,7,UDV,1056106478,345,DAVID MUNYAE DISTRIBUTORS COMPANY,16500
8/1/2025,KCD001A,13,KEG,1056112000,216,DAVID MUNYAE DISTRIBUTORS COMPANY,23000
8/1/2025,KAV208S,13,KEG,1056111717,216,MANARA LIMITED,20000
8/5/2025,KCD001A,13,KEG,1056119989,216,BIA POA DISTRIBUTORS LIMITED,19000
8/6/2025,KBV646Z,13,KEG,1056124161,216,BIA POA DISTRIBUTORS LIMITED,19000
8/4/2025,KBT436A,13,KEG,1056115783,216,BIA POA DISTRIBUTORS LIMITED,19000
8/7/2025,KCD001A,13,KEG,1056129023,216,BIA POA DISTRIBUTORS LIMITED,19000
8/7/2025,KCU278L,13,KEG,1056129020,216,BIA POA DISTRIBUTORS LIMITED,19000
8/4/2025,KCU278L,13,KEG,1056115800,216,BIA POA DISTRIBUTORS LIMITED,19000
8/11/2025,KBT436A,13,KEG,1056143165,216,BIA POA DISTRIBUTORS LIMITED,19000
8/11/2025,KCD001A,13,KEG,1056143149,216,BIA POA DISTRIBUTORS LIMITED,19000
8/12/2025,KCU278L,13,KEG,1056143161,216,DAVID MUNYAE DISTRIBUTORS COMPANY,23000
8/12/2025,KAV208S,13,KEG,1056147134,216,MANARA LIMITED,20000
8/13/2025,KBT436A,13,KEG,1056153992,216,INTRICATE MARKETING EMALI KIBWEZI,41000
8/12/2025,KCD001A,13,KEG,1056147135,216,MANARA LIMITED,20000
8/14/2025,KCD001A,13,KEG,1056158751,216,MANARA LIMITED,20000
8/13/2025,KCU278L,13,KEG,1056154061,216,MANARA LIMITED,20000
8/13/2025,KAV208S,13,KEG,1056153580,216,BIA POA DISTRIBUTORS LIMITED,19000
8/15/2025,KBT436A,13,KEG,1056161747,216,MANARA LIMITED,20000
8/16/2025,KCU278L,13,KEG,1056164525,216,HIGHMARK ISHIARA,40000
8/20/2025,KBT436A,13,KEG,1056177540,216,MANARA LIMITED,20000
8/19/2025,KCD001A,13,KEG,1056173890,216,SUPERLINE DISTRIBUTORS LTD SAMBURU,68000
8/22/2025,KCD001A,13,KEG,1056190653,216,MT KENYA KARUE BEVERAGES LTD KIRITIRI,30000
8/24/2025,KBV646Z,13,KEG,1056191543,216,MANARA LIMITED,20000
8/21/2025,KBT436A,13,KEG,1056184093,216,INTRICATE MARKETING EMALI KIBWEZI,41000
8/26/2025,KCD001A,13,KEG,1056203452,216,MUCHARAGE ENTERPRISES KANGARI,20000
8/26/2025,KBV646Z,13,KEG,1056203683,216,BIA POA DISTRIBUTORS LIMITED,19000
8/27/2025,KBT436A,13,KEG,1056204818,216,MT KENYA KARUE BEVERAGES LTD KIRITIRI,30000
8/28/2025,KCD001A,13,KEG,1056208265,216,BIA POA DISTRIBUTORS LIMITED,19000
8/28/2025,KBV646Z,13,KEG,1056208923,216,DAVID MUNYAE DISTRIBUTORS COMPANY,23000
8/27/2025,KCU278L,13,KEG,1056208264,216,SUPERLINE DISTRIBUTORS LTD WUNDANYI,65000
8/28/2025,KCD001A,13,KEG,1056212481,216,MT KENYA KARUE BEVERAGES LTD RUNYENJES,31500
8/28/2025,KBT436A,13,KEG,1056213137,216,INTRICATE MARKETING EMALI KIBWEZI,41000
8/29/2025,KBV646Z,13,KEG,1056216501,216,MT KENYA KARUE BEVERAGES LTD KIRITIRI,30000
8/29/2025,KCU278L,13,KEG,1056217528,216,MANARA LIMITED,20000
8/31/2025,KCU278L,13,KEG,1056219119,216,INTRICATE MARKETING EMALI KIBWEZI,41000
8/31/2025,KBV646Z,13,KEG,1056219180,216,BIA POA DISTRIBUTORS LIMITED,19000
8/11/2025,KBT436A,13,KEG,666780,300,MUCHARAGE ENTERPRISES KANGARI,14000
8/11/2025,KCD001A,13,KEG,666778,300,MUCHARAGE ENTERPRISES KANGARI,14000
8/11/2025,KCU278L,13,KEG,666779,300,BIA POA DISTRIBUTORS LIMITED,13300
8/19/2025,KCD001A,13,KEG,666079,300,BIA POA DISTRIBUTORS LIMITED,13300
8/26/2025,KBV646Z,13,KEG,666230,300,BIA POA DISTRIBUTORS LIMITED,13300
8/1/2025,KBV646Z,13,UDV,1056109394,600,WAMUTI NYERI,35000
8/4/2025,KAT547U,13,UDV,1056115840,525,ENGIPRODISTRIBUTORSLIMITED,19000
8/4/2025,KAV208S,13,UDV,1056117026,634,SENATORYETUAGENCIES,28000
8/6/2025,KAV208S,13,UDV,1056126191,599,KISAJU KAGIO,30000
8/6/2025,KBT436A,13,UDV,1056125835,517,IBANGUA NYERI,35000
8/7/2025,KDH312K,7,UDV,1056131797,400,DAKANEYKEROWCOMMUNICATIONLIMITED,21500
8/8/2025,KBV646Z,13,UDV,1056134714,680,JAOLO NAROK,40000
8/11/2025,KAT547U,7,UDV,1056143183,338,MUCHARAGE MURANGA,22900
8/11/2025,KDH312K,7,UDV,1056143182,333,MUCHARAGE KAHURO,21500
8/9/2025,KAV208S,13,UDV,1056136194,680,JAOLO NAROK,40000
8/14/2025,KDH312K,7,UDV,1056157196,400,DAKANEYKEROWCOMMUNICATIONLIMITED,22900
8/15/2025,KAT547U,7,UDV,1056160317,356,MUCHARAGE MURANGA,22900
8/15/2025,KDH312K,7,UDV,1056160148,350,BIA POA DISTRIBUTORS LIMITED,12150
8/16/2025,KDH312K,7,UDV,1056157289,400,ASPENDOS(K)LTD OTHAYA,27000
8/16/2025,KCD001A,13,UDV,1056164836,540,KANGE NKUBU,45000
8/16/2025,KAT547U,7,UDV,1056164837,316,MISTERTHREEDISTRIBUTORSLTD,22300
8/18/2025,KBT436A,13,UDV,1056168120,1040,MT KENYAKARUEBEVERAGESLTD,40000
8/20/2025,KDH312K,7,UDV,1056173414,429,PEANCO KERUGOYA,22000
8/20/2025,KCU278L,13,UDV,1056169845,610,TOKI KITUI,37000
8/22/2025,KCU278L,13,UDV,1056183358,500,TOKI KITUI,37000
8/22/2025,KDH312K,7,UDV,1056181617,434,MISTERTHREEDISTRIBUTORSLTD,22300
8/22/2025,KAT547U,7,UDV,1056184928,413,ENGIPRODISTRIBUTORSLIMITED,13600
8/25/2025,KCU278L,13,UDV,1056196218,637,KISAJU KAGIO,30000
8/26/2025,KDH312K,7,UDV,1056198818,320,MISTERTHREEDISTRIBUTORSLTD,22300
8/30/2025,KAT547U,7,UDV,1056215291,317,MUCHARAGE KAHURO,21500
8/29/2025,KDH312K,7,UDV,1056211171,367,MALEXEDISTRIBUTORSLIMITED KITHYUKO,22000
8/30/2025,KDH312K,7,UDV,1056218591,462,SENATORYETUAGENCIES,20000
9/4/2025,KCU278L,13,KEG,1056238070,216,MT KENYA KARUE BEVERAGES LTD KIRITIRI,30000
9/4/2025,KBT436A,13,KEG,1056238609,216,DAVID MUNYAE KAKUKU,23000
9/2/2025,KBT436A,13,KEG,1056225329,216,BIA POA DISTRIBUTORS LIMITED,19000
9/5/2025,KCD001A,13,KEG,1056242786,216,MANARA LIMITED,20000
9/4/2025,KBT436A,13,KEG,1056233757,216,BIA POA DISTRIBUTORS LIMITED,19000
9/9/2025,KCD001A,13,KEG,1056251125,216,MUCHARAGE ENTERPRISES KANGARI,20000
9/7/2025,KCU278L,13,KEG,1056245299,216,BIA POA DISTRIBUTORS LIMITED,19000
9/10/2025,KCU278L,13,KEG,1056256027,216,MANARA LIMITED,20000
9/9/2025,KBV646Z,13,KEG,1056250775,216,BIA POA DISTRIBUTORS LIMITED,19000
9/10/2025,KCD001A,13,KEG,1056255912,216,BIA POA DISTRIBUTORS LIMITED,19000
9/10/2025,KCD001A,13,KEG,1056259764,216,INTRICATE MARKETING EMALI KIBWEZI,41000
9/11/2025,KBV646Z,13,KEG,1056261362,216,MUCHARAGE ENTERPRISES KANGARI,20000
9/13/2025,KBV646Z,13,KEG,1056271657,216,MUCHARAGE ENTERPRISES KANGARI,20000
9/14/2025,KCD001A,13,KEG,1056272112,216,MANARA LIMITED,20000
9/17/2025,KCU278L,13,KEG,1056283747,216,MT KENYA KARUE BEVERAGES LTD KIRITIRI,30000
9/16/2025,KCD001A,13,KEG,1056280876,216,HIGHMARK TRADING MUKOTHIMA,54000
9/18/2025,KCU278L,13,KEG,1056290690,216,MANARA LIMITED,20000
9/17/2025,KBT436A,13,KEG,1056288128,216,DAVID MUNYAE DISTRIBUTORS COMPANY,23000
9/19/2025,KBV646Z,13,KEG,1056298847,216,BIA POA DISTRIBUTORS LIMITED,19000
9/20/2025,KBT436A,13,KEG,1056299426,216,BIA POA DISTRIBUTORS LIMITED,19000
9/23/2025,KBV646Z,13,KEG,1056310773,216,BIA POA DISTRIBUTORS LIMITED,19000
9/22/2025,KBV646Z,13,KEG,1056304569,216,DAVID MUNYAE DISTRIBUTORS COMPANY,23000
9/20/2025,KCU278L,13,KEG,1056299425,216,MT KENYA KARUE BEVERAGES LTD RUNYENJES,31500
9/20/2025,KBV646Z,13,KEG,1056299753,216,MANARA LIMITED,20000
9/27/2025,KCU278L,13,KEG,1056329486,216,MANARA LIMITED,20000
9/26/2025,KBT436A,13,KEG,1056324403,216,MT KENYA KARUE BEVERAGES LTD KIRITIRI,30000
9/30/2025,KCU278L,13,KEG,1056335510,216,MANARA LIMITED,20000
9/28/2025,KBV646Z,13,KEG,1056330449,216,MANARA LIMITED,20000
9/26/2025,KBV646Z,13,KEG,1056324406,216,MT KENYA KARUE BEVERAGES LTD RUNYENJES,31500
9/21/2025,KCD001A,13,KEG,1056299930,216,MANARA LIMITED,20000
9/12/2025,KCD001A,13,KEG,665905,300,DAVID MUNYAE DISTRIBUTORS COMPANY,16780
9/15/2025,KBV646Z,13,KEG,665940,300,BIA POA DISTRIBUTORS LIMITED,14392
9/23/2025,KCU278L,13,KEG,665860,300,BIA POA DISTRIBUTORS LIMITED,14392
9/29/2025,KBT436A,13,KEG,665677,300,BIA POA DISTRIBUTORS LIMITED,14392
9/4/2025,KDH312K,7,UDV,1056232471,387,MISTERTHREEDISTRIBUTORSLTD,22300
9/4/2025,KAT547U,7,UDV,1056232470,431,ENGIPRODISTRIBUTORSLIMITED,13600
9/5/2025,KBV646Z,13,UDV,1056232593,628,TOKI KITUI,37000
9/11/2025,KAT547U,13,UDV,1056259639,522,BIA POA DISTRIBUTORS LIMITED,19000
9/10/2025,KBV646Z,13,UDV,1056253910,529,ASPENDOS(k)LTD,33237
9/5/2025,KBT436A,13,UDV,1056242545,669,DELTA POINT MAKONGENI,20000
9/9/2025,KAT547U,7,UDV,1056253908,310,MUCHARAGE KAHURO,21500
9/16/2025,KBV646Z,13,UDV,1056276053,784,DELTA POINT MAKONGENI,20000
9/15/2025,KDH312K,7,UDV,1056274762,464,DELTA POINT MAKONGENI,12000
9/11/2025,KCU278L,13,UDV,1056253920,512,INTRICATE MARKETING EMALI,40000
9/15/2025,KCU278L,13,UDV,1056275922,615,ENGIPRODISTRIBUTORSLIMITED,19000
9/17/2025,KDH312K,7,UDV,1056283660,400,ASPENDOS(k)LTD,22900
9/18/2025,KDH312K,13,UDV,1056289912,390,KANGE NKUBU,32000
9/18/2025,KBT436A,13,UDV,1056291838,618,KISAJU KAGIO,30000
9/18/2025,KBV646Z,13,UDV,1056288289,658,KISAJU KAGIO,30000
9/23/2025,KBT436A,13,UDV,1056309249,769,KISAJU KAGIO,30000
9/19/2025,KAT547U,7,UDV,1056294099,310,ENGIPRODISTRIBUTORSLIMITED,13600
9/23/2025,KDH312K,7,UDV,1056306369,400,DELTA POINT MAKONGENI,12000
9/22/2025,KBT436A,13,UDV,1056300719,660,PEANCO KERUGOYA,33000
9/23/2025,KCU278L,13,UDV,1056308867,672,MT KENYAKARUEBEVERAGESLTD,40000
9/24/2025,KBV646Z,13,UDV,1056315165,636,KISAJU KAGIO,30000
9/25/2025,KAT547U,7,UDV,1056318267,300,PEANCO KERUGOYA,22000
9/24/2025,KBT436A,13,UDV,1056315617,600,MT KENYAKARUEBEVERAGESLTD,40000
9/25/2025,KCU278L,13,UDV,1056318235,550,KANGE NKUBU,45000
9/26/2025,KAT547U,7,UDV,1056324784,460,KANGE NKUBU,32000
9/26/2025,KDH312K,7,UDV,1056324694,460,DAKANEYKEROWCOMMUNICATIONLIMITED,21500
9/28/2025,KAT547U,7,UDV,1056330221,388,MUCHARAGE MURANGA,22900
9/23/2025,KCD001A,13,UDV,1056304959,650,HAPPYLAND NAROK,40000
9/18/2025,KCD001A,13,UDV,1056289325,630,MT KENYAKARUEBEVERAGESLTD,40000
9/28/2025,KDH312K,7,UDV,1056329538,340,MALEXEDISTRIBUTORSLIMITED KITHYUKO,23000
9/29/2025,KAT547U,7,UDV,1056332968,310,MISTERTHREEDISTRIBUTORSLTD,22300
9/30/2025,KBT436A,13,UDV,1056334187,575,WAMUTI NYERI,37000
10/1/2025,KCU278L,13,KEG,1056340446,216,SUPERLINE DISTRIBUTORS LTD SAMBURU,72000
10/1/2025,KBT436A,13,KEG,1056341574,216,BIA POA DISTRIBUTORS LIMITED,19000
10/1/2025,KBV646Z,13,KEG,1056343732,216,MT KENYA KARUE BEVERAGES LTD KIRITIRI,30000
10/4/2025,KBT436A,13,KEG,1056353528,216,HIGHMARK ISHIARA,40000
10/4/2025,KBV646Z,13,KEG,1056354197,216,BIA POA DISTRIBUTORS LIMITED,19000
10/6/2025,KCU278L,13,KEG,1056356831,216,MUCHARAGE ENTERPRISES KANGARI,20000
10/7/2025,KBT436A,13,KEG,1056359921,216,MT KENYA KARUE BEVERAGES LTD KIRITIRI,30000
10/7/2025,KBV646Z,13,KEG,1056359925,216,INTRICATE MARKETING EMALI KIBWEZI,41000
10/7/2025,KCU278L,13,KEG,1056363454,216,BIA POA DISTRIBUTORS LIMITED,19000
10/8/2025,KCU278L,13,KEG,1056367726,216,INTRICATE MARKETING EMALI KIBWEZI,41000
10/9/2025,KBT436A,13,KEG,1056370833,216,BIA POA DISTRIBUTORS LIMITED,19000
10/10/2025,KBV646Z,13,KEG,1056376484,216,INTRICATE MARKETING EMALI KIBWEZI,41000
10/11/2025,KCU278L,13,KEG,1056379125,216,BIA POA DISTRIBUTORS LIMITED,19000
10/12/2025,KBT436A,13,KEG,1056379853,216,BIA POA DISTRIBUTORS LIMITED,19000
10/14/2025,KBV646Z,13,KEG,1056386592,216,BIA POA DISTRIBUTORS LIMITED,19000
10/14/2025,KCU278L,13,KEG,1056386593,216,BIA POA DISTRIBUTORS LIMITED,19000
10/14/2025,KBT436A,13,KEG,1056390309,216,DAVID MUNYAE DISTRIBUTORS COMPANY,23000
10/17/2025,KBV646Z,13,KEG,1056407145,216,MT KENYA KARUE BEVERAGES LTD RUNYENJES,31500
10/17/2025,KCU278L,13,KEG,1056408364,216,INTRICATE MARKETING EMALI KIBWEZI,41000
10/17/2025,KBT436A,13,KEG,1056408366,216,INTRICATE MARKETING EMALI KIBWEZI,41000
10/19/2025,KBV646Z,13,KEG,1056410620,216,MANARA LIMITED,20000
10/20/2025,KBT436A,13,KEG,1056412571,216,MANARA LIMITED,20000
10/20/2025,KCU278L,13,KEG,1056413036,216,MANARA LIMITED,20000
10/23/2025,KCU278L,13,KEG,1056428876,216,MT KENYA KARUE BEVERAGES LTD KIRITIRI,30000
10/27/2025,KBT436A,13,KEG,1056444129,216,DAVID MUNYAE KAKUKU,23000
10/29/2025,KBV646Z,13,KEG,1056449912,216,INTRICATE MARKETING EMALI KIBWEZI,41000
10/30/2025,KCU278L,13,KEG,1056454998,216,BIA POA DISTRIBUTORS LIMITED,19000
10/31/2025,KCU278L,13,KEG,1056459750,216,BIA POA DISTRIBUTORS LIMITED,19000
10/31/2025,KCU278L,13,KEG,1056464251,216,BIA POA DISTRIBUTORS LIMITED,19000
10/31/2025,KBT436A,13,KEG,1056464216,216,BIA POA DISTRIBUTORS LIMITED,19000
10/1/2025,KBV646Z,13,UDV,1056338038,630,KISAJU KAGIO,30000
10/3/2025,KAT547U,7,UDV,1056350797,385,ENGIPRODISTRIBUTORSLIMITED,13600
10/8/2025,KBV646Z,13,UDV,1056366635,528,IBANGUA NYERI,35000
10/11/2025,KDH312K,7,UDV,1056379525,458,INTRICATE MARKETING KIMANA,38000
10/14/2025,KDH312K,7,UDV,1056384630,480,KISAJU KAGIO,21000
10/16/2025,KDH312K,7,UDV,1056401523,458,ENGIPRODISTRIBUTORSLIMITED,13600
10/15/2025,KCU278L,13,UDV,1056397241,603,KISAJU KAGIO,30000
10/17/2025,KBT436A,13,UDV,1056402958,613,KISAJU KAGIO,30000
10/18/2025,KAT547U,75,UDV,1056408380,320,PEANCO KERUGOYA,22000
10/22/2025,KDH312K,7,UDV,1056420537,323,MALEXEDISTRIBUTORSLIMITED KITHYUKO,22000
10/21/2025,KAT547U,7,UDV,1056419621,447,ENGIPRODISTRIBUTORSLIMITED,13600
10/20/2025,KDH312K,7,UDV,1056414414,450,PEANCO KERUGOYA,22000
10/23/2025,KDH312K,7,UDV,1056429965,320,MUCHARAGE KAHURO,21500
10/22/2025,KBV646Z,13,UDV,1056419566,645,KANGE NKUBU,45000
10/26/2025,KBT436A,13,UDV,1056439707,601,DELTA POINT MAKONGENI,20000
10/26/2025,KAT547U,7,UDV,1056439689,400,ASPENDOS(K)LTD OTHAYA,27000
10/28/2025,KBT436A,13,UDV,1056444952,600,KISAJU KAGIO,30000
10/28/2025,KCU278L,13,UDV,1056448133,504,HAPPYLAND BOMET,52000
10/29/2025,KDH312K,7,UDV,1056454080,320,ASPENDOS(K)LTD OTHAYA,27000
10/27/2025,KBV646Z,13,UDV,1056442354,539,MISTERTHREEDISTRIBUTORSLTD,33000
10/29/2025,KAT547U,7,UDV,1056446340,413,ALBADI MWINGI,25000
10/30/2025,KBT436A,13,UDV,1056453121,564,KISAJU KAGIO,30000
10/30/2025,KBV646Z,13,UDV,1056457521,543,MT KENYAKARUEBEVERAGESLTD,40000
10/28/2025,KDH312K,7,UDV,1056447707,410,BIA POA DISTRIBUTORS LIMITED,19000
10/31/2025,KBV646Z,13,UDV,1056463011,775,WAMUTI NYERI,35000
11/1/2025,KBT436A,13,KEG,1056464616,216,INTRICATE MARKETING EMALI KIBWEZI,41000
11/4/2025,KBV646Z,13,KEG,1056475815,216,MT KENYA KARUE BEVERAGES LTD RUNYENJES,31500
11/4/2025,KBT436A,13,KEG,1056474884,216,MT KENYA KARUE BEVERAGES LTD KIRITIRI,30000
11/6/2025,KBV646Z,13,KEG,1056483739,216,BIA POA DISTRIBUTORS LIMITED,19000
11/6/2025,KBT436A,13,KEG,1056483744,216,INTRICATE MARKETING EMALI KIBWEZI,41000
11/7/2025,KBV646Z,13,KEG,1056491164,216,HIGHMARK ISHIARA,40000
11/7/2025,KCU278L,13,KEG,1056491172,216,SUPERLINE DISTRIBUTORS LTD TAVETA,72000
11/8/2025,KBT436A,13,KEG,1056493396,216,MT KENYA KARUE BEVERAGES LTD KIRITIRI,30000
11/10/2025,KCU278L,13,KEG,1056495611,216,MANARA LIMITED,20000
11/10/2025,KBT436A,13,KEG,1056499316,216,BIA POA DISTRIBUTORS LIMITED,19000
11/11/2025,KBV646Z,13,KEG,1056504421,216,INTRICATE MARKETING EMALI KIBWEZI,41000
11/12/2025,KCU278L,13,KEG,1056507753,216,INTRICATE MARKETING EMALI KIBWEZI,41000
11/13/2025,KBT436A,13,KEG,1056513594,216,MUCHARAGE ENTERPRISES KANGARI,20000
11/17/2025,KCU278L,13,KEG,1056524012,216,DAVID MUNYAE KAKUKU,23000
11/20/2025,KCU278L,13,KEG,1056535687,216,MANARA LIMITED,20000
11/19/2025,KBV646Z,13,KEG,1056536139,216,INTRICATE MARKETING EMALI KIBWEZI,41000
11/21/2025,KCU278L,13,KEG,1056546358,216,MANARA LIMITED,20000
11/26/2025,KBT436A,13,KEG,1056568138,216,BIA POA DISTRIBUTORS LIMITED,19000
11/27/2025,KBV646Z,13,KEG,1056573946,216,INTRICATE MARKETING EMALI KIBWEZI,41000
11/29/2025,KCU278L,13,KEG,1056580346,216,BIA POA DISTRIBUTORS LIMITED,19000
11/29/2025,KBT436A,13,KEG,1056579931,216,MANARA LIMITED KITENGELA,20000
11/28/2025,KBT436A,13,KEG,1056576345,216,MANARA LIMITED KITENGELA,20000
11/30/2025,KCU278L,13,KEG,1056581239,216,BIA POA DISTRIBUTORS LIMITED,19000
11/28/2025,KBV646Z,13,KEG,1056576580,216,INTRICATE MARKETING EMALI KIBWEZI,41000
11/25/2025,KBT436A,13,KEG,669440,300,BIA POA DISTRIBUTORS LIMITED,13300
11/7/2025,KCU278L,13,UDV,1056485608,719,SENATORYETUAGENCIES,28000
11/6/2025,KAT547U,7,UDV,1056482162,415,ENGIPRODISTRIBUTORSLIMITED,13600
11/8/2025,KDH312K,13,UDV,1056493088,504,KISAJU KAGIO,30000
11/10/2025,KAT547U,7,UDV,1056496599,355,ENGIPRODISTRIBUTORSLIMITED,13600
11/11/2025,KDH312K,7,UDV,1056501730,317,MUCHARAGE KAHURO,21500
11/11/2025,KBT436A,13,UDV,1056501584,659,KISAJU KAGIO,30000
11/12/2025,KDH312K,7,UDV,1056506067,300,ASPENDOS(k)LTD,22900
11/13/2025,KAT547U,7,UDV,1056512331,329,MISTERTHREEDISTRIBUTORSLTD,22300
11/13/2025,KDH312K,7,UDV,1056513833,352,KANGE NKUBU,32000
11/6/2025,KDH312K,7,UDV,1056482155,420,BIA POA DISTRIBUTORS LIMITED,12150
11/10/2025,KDH312K,7,UDV,1056496592,364,MUCHARAGE MURANGA,22900
11/17/2025,KAT547U,13,UDV,1056523875,560,SENATORYETUAGENCIES,28000
11/15/2025,KBV646Z,13,UDV,1056520744,600,MT KENYAKARUEBEVERAGESLTD,40000
11/18/2025,KBT436A,13,UDV,1056531582,658,KINGIINYA NKUBU,45000
11/19/2025,KAT547U,7,UDV,1056534688,357,ENGIPRODISTRIBUTORSLIMITED,13600
11/20/2025,KAT547U,7,UDV,1056540735,463,MISTERTHREEDISTRIBUTORSLTD,22300
11/20/2025,KBT436A,13,UDV,1056541398,710,KISAJU KAGIO,30000
11/20/2025,KDH312K,7,UDV,1056542448,313,DAKANEYKEROWCOMMUNICATIONLIMITED,21500
11/19/2025,KDH312K,7,UDV,1056531700,410,CYDEN ELDORET,50000
11/22/2025,KDH312K,7,UDV,1056550868,382,HAPPYLAND NAROK,26000
11/21/2025,KBV646Z,13,UDV,1056540914,500,MT KENYAKARUEBEVERAGESLTD,40000
11/22/2025,KBT436A,13,UDV,1056549397,500,MISTERTHREEDISTRIBUTORSLTD,32000
11/24/2025,KDH312K,7,UDV,1056552025,420,D.O STORES ELDORET,50000
11/24/2025,KCU278L,13,UDV,1056553780,600,HAPPYLAND BOMET,52000
11/26/2025,KAT547U,7,UDV,1056563651,316,MISTERTHREEDISTRIBUTORSLTD,22300
11/24/2025,KBV646Z,13,UDV,1056555101,533,TOKI KITUI,37000
11/27/2025,KDH312K,7,UDV,1056573989,446,JAOLO NAROK,26000
11/27/2025,KBT436A,13,UDV,1056574000,661,MISTERTHREEDISTRIBUTORSLTD,32000
11/27/2025,KCU278L,13,UDV,1056570144,500,KOROMOTO ELDORET,70000
11/30/2025,KBT436A,13,UDV,1056580345,742,IBANGUA NYERI,35000
11/29/2025,KDH312K,7,UDV,1056579989,313,MISTERTHREEDISTRIBUTORSLTD,22300
12/3/2025,KBT436A,7,UDV,1056595305,440,ASPENDOS(K)LTD OTHAYA,27000
12/5/2025,KBT436A,7,UDV,1056602463,350,MISTERTHREEDISTRIBUTORSLTD,22300
12/5/2025,KCU278L,13,UDV,1056604638,630,KISAJU KAGIO,30000
12/9/2025,KAT547U,7,UDV,1056621188,400,CYDEN ELDORET,50000
12/10/2025,KBT436A,13,UDV,1056618792,1044,DELTA POINT MAKONGENI,30000
12/11/2025,KDH312K,13,UDV,1056629591,555,ENGIPRODISTRIBUTORSLIMITED,19000
12/11/2025,KAT547U,13,UDV,1056625935,533,MT KENYAKARUEBEVERAGESLTD,40000
12/12/2025,KDH312K,7,UDV,1056632890,379,MISTERTHREEDISTRIBUTORSLTD,22300
12/12/2025,KCU278L,13,UDV,1056636363,538,KINGIINYA NKUBU,45000
12/13/2025,KBV646Z,7,UDV,1056640161,300,ASPENDOS(k)LTD,22900
12/14/2025,KBT436A,7,UDV,1056640794,350,MISTERTHREEDISTRIBUTORSLTD,22300
12/14/2025,KBT436A,7,UDV,1056640951,492,DAVID MUNYAE DISTRIBUTORS COMPANY,17000
12/14/2025,KAT547U,13,UDV,1056641107,847,ENGIPRODISTRIBUTORSLIMITED,19000
12/15/2025,KCU278L,13,UDV,1056642870,620,KISAJU KAGIO,30000
12/16/2025,KAT547U,13,UDV,1056648868,500,KANGE NKUBU,45000
12/17/2025,KBT436A,13,UDV,1056655441,678,HAPPYLAND BOMET,52000
12/17/2025,KBV646Z,7,UDV,1056657013,490,MISTERTHREEDISTRIBUTORSLTD,22300
12/18/2025,KAT547U,13,UDV,1056663749,738,MT KENYAKARUEBEVERAGESLTD,40000
12/19/2025,KBT436A,7,UDV,1056665755,478,MALEXEDISTRIBUTORSLIMITED KITHYUKO,22000
12/21/2025,KCU278L,13,UDV,1056674876,864,DELTA POINT MAKONGENI,30000
12/23/2025,KAT547U,13,UDV,1056684770,536,KISAJU KAGIO,30000
12/24/2025,KBV646Z,7,UDV,1056683903,300,ASPENDOS(k)LTD,22900
12/24/2025,KAT547U,13,UDV,1056685621,574,LIMS COMPANY LIMITED,72000
12/25/2025,KBV646Z,13,UDV,1056690270,672,ISHANO DISTRIBUTORS,22500
12/25/2025,KBV646Z,7,UDV,1056690704,300,ASPENDOS(K)LTD OTHAYA,27000
12/26/2025,KBT436A,7,UDV,1056691517,318,MUCHARAGE MURANGA,25000
12/26/2025,KAT547U,13,UDV,1056692136,510,BIA POA DISTRIBUTORS LIMITED,19000
12/26/2025,KCU278L,7,UDV,1056692042,301,MUCHARAGE MURANGA,40000
12/28/2025,KAT547U,13,UDV,1056694080,664,MT KENYAKARUEBEVERAGESLTD,40000
12/28/2025,KCU278L,13,UDV,1056694119,870,MT KENYAKARUEBEVERAGESLTD,40000
12/28/2025,KBV646Z,7,UDV,1056693877,300,BIA POA DISTRIBUTORS LIMITED,13000
12/29/2025,KBT436A,13,UDV,1056698177,660,ALBADI MWINGI,35000
12/29/2025,KBV646Z,7,UDV,1056698180,393,MISTERTHREEDISTRIBUTORSLTD,22300
12/2/2025,KBV646Z,13,KEG,1056589880,216,BIA POA DISTRIBUTORS LIMITED,19000
12/4/2025,KCU278L,13,KEG,1056601258,216,MT KENYA KARUE BEVERAGES LTD RUNYENJES,31500
12/4/2025,KBV646Z,13,KEG,1056601259,216,INTRICATE MARKETING EMALI KIBWEZI,41000
12/9/2025,KCU278L,13,KEG,1056618276,216,INTRICATE MARKETING EMALI KIBWEZI,41000
12/10/2025,KCU278L,13,KEG,1056626032,216,INTRICATE MARKETING EMALI KIBWEZI,41000
12/15/2025,KBV646Z,13,KEG,1056644725,216,BIA POA DISTRIBUTORS LIMITED,19000
12/16/2025,KBV646Z,13,KEG,1056652474,216,BIA POA DISTRIBUTORS LIMITED,19000
12/16/2025,KBT436A,13,KEG,1056649286,216,BIA POA DISTRIBUTORS LIMITED,19000
12/17/2025,KCU278L,13,KEG,1056655892,216,BIA POA DISTRIBUTORS LIMITED,19000
12/17/2025,KBV646Z,13,KEG,1056659073,216,INTRICATE MARKETING EMALI KIBWEZI,41000
12/18/2025,KBT436A,13,KEG,1056661787,216,INTRICATE MARKETING EMALI KIBWEZI,41000
12/19/2025,KBV646Z,13,KEG,1056667792,216,MANARA LIMITED,20000
12/19/2025,KBV646Z,13,KEG,1056669304,216,SUPERLINE DISTRIBUTORS LTD SAMBURU,72000
12/19/2025,KBT436A,13,KEG,1056667853,216,INTRICATE MARKETING EMALI KIBWEZI,41000
12/20/2025,KCU278L,13,KEG,1056673723,216,BIA POA DISTRIBUTORS LIMITED,19000
12/20/2025,KCU278L,13,KEG,1056673836,216,MANARA LIMITED,20000
12/22/2025,KBV646Z,13,KEG,1056675608,216,BIA POA DISTRIBUTORS LIMITED,19000
12/22/2025,KBT436A,13,KEG,1056676329,216,BIA POA DISTRIBUTORS LIMITED,19000
12/22/2025,KBT436A,13,KEG,1056679515,216,HIGHMARK TRADING MUKOTHIMA,54000
12/28/2025,KBV646Z,13,KEG,1056693822,216,DAVID MUNYAE DISTRIBUTORS COMPANY,23000
12/30/2025,KBT436A,13,KEG,1056695586,216,MANARA LIMITED,20000
12/30/2025,KDH312K,13,KEG,1056700297,216,MANARA LIMITED,20000
12/30/2025,KAT547U,13,KEG,1056700555,216,BIA POA DISTRIBUTORS LIMITED,19000
12/9/2025,KCU278L,13,KEG,667524,300,MANARA LIMITED,16000
12/29/2025,KDH312K,13,KEG,667622,300,BIA POA DISTRIBUTORS LIMITED,15200
